#pragma once

#include <cstddef>

namespace icon {

    static const unsigned char StormTrackIconData[] = {
        0x00, 0x00, 0x01, 0x00, 0x01, 0x00, 0x40, 0x40, 0x00, 0x00, 0x01, 0x00, 0x20, 0x00, 0x28, 0x42, 
        0x00, 0x00, 0x16, 0x00, 0x00, 0x00, 0x28, 0x00, 0x00, 0x00, 0x40, 0x00, 0x00, 0x00, 0x80, 0x00, 
        0x00, 0x00, 0x01, 0x00, 0x20, 0x00, 0x00, 0x00, 0x00, 0x00, 0x00, 0x40, 0x00, 0x00, 0x76, 0x00, 
        0x00, 0x00, 0x76, 0x00, 0x00, 0x00, 0x00, 0x00, 0x00, 0x00, 0x00, 0x00, 0x00, 0x00, 0x00, 0x00, 
        0x00, 0x00, 0x00, 0x00, 0x00, 0x00, 0x00, 0x00, 0x00, 0x00, 0x00, 0x00, 0x00, 0x00, 0x00, 0x00, 
        0x00, 0x00, 0x00, 0x00, 0x00, 0x00, 0x00, 0x00, 0x00, 0x00, 0x00, 0x00, 0x00, 0x00, 0x00, 0x00, 
        0x00, 0x00, 0x00, 0x00, 0x00, 0x00, 0x00, 0x00, 0x00, 0x00, 0x00, 0x00, 0x00, 0x00, 0x00, 0x00, 
        0x00, 0x00, 0x00, 0x00, 0x00, 0x00, 0x00, 0x00, 0x00, 0x00, 0x00, 0x00, 0x00, 0x00, 0x00, 0x00, 
        0x00, 0x00, 0x00, 0x00, 0x00, 0x00, 0x00, 0x00, 0x00, 0x00, 0x00, 0x00, 0x00, 0x00, 0x00, 0x00, 
        0x00, 0x00, 0x00, 0x00, 0x00, 0x00, 0x00, 0x00, 0x00, 0x00, 0x00, 0x00, 0x00, 0x00, 0x00, 0x00, 
        0x00, 0x00, 0x00, 0x00, 0x00, 0x00, 0x00, 0x00, 0x00, 0x00, 0x00, 0x00, 0x00, 0x00, 0x00, 0x00, 
        0x00, 0x00, 0x00, 0x00, 0x00, 0x00, 0x00, 0x00, 0x00, 0x00, 0x00, 0x00, 0x00, 0x00, 0x00, 0x00, 
        0x00, 0x00, 0x00, 0x00, 0x00, 0x00, 0x00, 0x00, 0x00, 0x00, 0x00, 0x00, 0x00, 0x00, 0x00, 0x00, 
        0x00, 0x00, 0x00, 0x00, 0x00, 0x00, 0x00, 0x00, 0x00, 0x00, 0x00, 0x00, 0x00, 0x00, 0x00, 0x00, 
        0x00, 0x00, 0x00, 0x00, 0x00, 0x00, 0x00, 0x00, 0x00, 0x00, 0x00, 0x00, 0x00, 0x00, 0x00, 0x00, 
        0x00, 0x00, 0x00, 0x00, 0x00, 0x00, 0x00, 0x00, 0x00, 0x00, 0x00, 0x00, 0x00, 0x00, 0x00, 0x00, 
        0x00, 0x00, 0x00, 0x00, 0x00, 0x00, 0x00, 0x00, 0x00, 0x00, 0x00, 0x00, 0x00, 0x00, 0x00, 0x00, 
        0x00, 0x00, 0x00, 0x00, 0x00, 0x00, 0x00, 0x00, 0x00, 0x00, 0x00, 0x00, 0x00, 0x00, 0x00, 0x00, 
        0x00, 0x00, 0x00, 0x00, 0x00, 0x00, 0x00, 0x00, 0x00, 0x00, 0x00, 0x00, 0x00, 0x00, 0x00, 0x00, 
        0x00, 0x00, 0x00, 0x00, 0x00, 0x00, 0x00, 0x00, 0x00, 0x00, 0x00, 0x00, 0x00, 0x00, 0x00, 0x00, 
        0x00, 0x00, 0x00, 0x00, 0x00, 0x00, 0x00, 0x00, 0x00, 0x00, 0x00, 0x00, 0x00, 0x00, 0x00, 0x00, 
        0x00, 0x00, 0x00, 0x00, 0x00, 0x00, 0x00, 0x00, 0x00, 0x00, 0x00, 0x00, 0x00, 0x00, 0x00, 0x00, 
        0x00, 0x00, 0x00, 0x00, 0x00, 0x00, 0x00, 0x00, 0x00, 0x00, 0x00, 0x00, 0x00, 0x00, 0x00, 0x00, 
        0x00, 0x00, 0x00, 0x00, 0x00, 0x00, 0x00, 0x00, 0x00, 0x00, 0x00, 0x00, 0x00, 0x00, 0x00, 0x00, 
        0x00, 0x00, 0x00, 0x00, 0x00, 0x00, 0x00, 0x00, 0x00, 0x00, 0x73, 0x23, 0x4C, 0x00, 0x82, 0x24, 
        0x54, 0x00, 0x8C, 0x22, 0x57, 0x00, 0x93, 0x1A, 0x57, 0x00, 0x8B, 0x0F, 0x4F, 0x00, 0x00, 0x00, 
        0x00, 0x00, 0x00, 0x00, 0x00, 0x00, 0x00, 0x00, 0x00, 0x00, 0x00, 0x00, 0x00, 0x00, 0x00, 0x00, 
        0x00, 0x00, 0x00, 0x00, 0x00, 0x00, 0x00, 0x00, 0x00, 0x00, 0x00, 0x00, 0x00, 0x00, 0x00, 0x00, 
        0x00, 0x00, 0x00, 0x00, 0x00, 0x00, 0x00, 0x00, 0x00, 0x00, 0x00, 0x00, 0x00, 0x00, 0x00, 0x00, 
        0x00, 0x00, 0x00, 0x00, 0x00, 0x00, 0x00, 0x00, 0x00, 0x00, 0x00, 0x00, 0x00, 0x00, 0x00, 0x00, 
        0x00, 0x00, 0x00, 0x00, 0x00, 0x00, 0x00, 0x00, 0x00, 0x00, 0x00, 0x00, 0x00, 0x00, 0x00, 0x00, 
        0x00, 0x00, 0x00, 0x00, 0x00, 0x00, 0x00, 0x00, 0x00, 0x00, 0x00, 0x00, 0x00, 0x00, 0x00, 0x00, 
        0x00, 0x00, 0x00, 0x00, 0x00, 0x00, 0x00, 0x00, 0x00, 0x00, 0x00, 0x00, 0x00, 0x00, 0x00, 0x00, 
        0x00, 0x00, 0x00, 0x00, 0x00, 0x00, 0x00, 0x00, 0x00, 0x00, 0x00, 0x00, 0x00, 0x00, 0x00, 0x00, 
        0x00, 0x00, 0x00, 0x00, 0x00, 0x00, 0x00, 0x00, 0x00, 0x00, 0x00, 0x00, 0x00, 0x00, 0x00, 0x00, 
        0x00, 0x00, 0x00, 0x00, 0x00, 0x00, 0x00, 0x00, 0x00, 0x00, 0x00, 0x00, 0x00, 0x00, 0x00, 0x00, 
        0x00, 0x00, 0x00, 0x00, 0x00, 0x00, 0x00, 0x00, 0x00, 0x00, 0x00, 0x00, 0x00, 0x00, 0x00, 0x00, 
        0x00, 0x00, 0x00, 0x00, 0x00, 0x00, 0x00, 0x00, 0x00, 0x00, 0x00, 0x00, 0x00, 0x00, 0x00, 0x00, 
        0x00, 0x00, 0x00, 0x00, 0x00, 0x00, 0x00, 0x00, 0x00, 0x00, 0x00, 0x00, 0x00, 0x00, 0x00, 0x00, 
        0x00, 0x00, 0x00, 0x00, 0x00, 0x00, 0x00, 0x00, 0x00, 0x00, 0x00, 0x00, 0x00, 0x00, 0x00, 0x00, 
        0x00, 0x00, 0x00, 0x00, 0x00, 0x00, 0x00, 0x00, 0x00, 0x00, 0x72, 0x25, 0x4C, 0x00, 0x86, 0x23, 
        0x55, 0x01, 0x83, 0x24, 0x54, 0x05, 0xED, 0x00, 0x78, 0x00, 0xD7, 0x08, 0x72, 0x00, 0x33, 0x00, 
        0x33, 0x00, 0x00, 0x00, 0x00, 0x00, 0x00, 0x00, 0x00, 0x00, 0x00, 0x00, 0x00, 0x00, 0x00, 0x00, 
        0x00, 0x00, 0x00, 0x00, 0x00, 0x00, 0x00, 0x00, 0x00, 0x00, 0x00, 0x00, 0x00, 0x00, 0x00, 0x00, 
        0x00, 0x00, 0x00, 0x00, 0x00, 0x00, 0x00, 0x00, 0x00, 0x00, 0x00, 0x00, 0x00, 0x00, 0x00, 0x00, 
        0x00, 0x00, 0x00, 0x00, 0x00, 0x00, 0x00, 0x00, 0x00, 0x00, 0x00, 0x00, 0x00, 0x00, 0x00, 0x00, 
        0x00, 0x00, 0x00, 0x00, 0x00, 0x00, 0x00, 0x00, 0x00, 0x00, 0x00, 0x00, 0x00, 0x00, 0x00, 0x00, 
        0x00, 0x00, 0x00, 0x00, 0x00, 0x00, 0x00, 0x00, 0x00, 0x00, 0x00, 0x00, 0x00, 0x00, 0x00, 0x00, 
        0x00, 0x00, 0x00, 0x00, 0x00, 0x00, 0x00, 0x00, 0x00, 0x00, 0x00, 0x00, 0x00, 0x00, 0x00, 0x00, 
        0x00, 0x00, 0x00, 0x00, 0x00, 0x00, 0x00, 0x00, 0x00, 0x00, 0x00, 0x00, 0x00, 0x00, 0x00, 0x00, 
        0x00, 0x00, 0x00, 0x00, 0x00, 0x00, 0x00, 0x00, 0x00, 0x00, 0x00, 0x00, 0x00, 0x00, 0x00, 0x00, 
        0x00, 0x00, 0x00, 0x00, 0x00, 0x00, 0x00, 0x00, 0x00, 0x00, 0x00, 0x00, 0x00, 0x00, 0x00, 0x00, 
        0x00, 0x00, 0x00, 0x00, 0x00, 0x00, 0x00, 0x00, 0x00, 0x00, 0x00, 0x00, 0x00, 0x00, 0x00, 0x00, 
        0x00, 0x00, 0x00, 0x00, 0x00, 0x00, 0x00, 0x00, 0x00, 0x00, 0x00, 0x00, 0x00, 0x00, 0x00, 0x00, 
        0x00, 0x00, 0x00, 0x00, 0x00, 0x00, 0x00, 0x00, 0x00, 0x00, 0x00, 0x00, 0x00, 0x00, 0x00, 0x00, 
        0x00, 0x00, 0x00, 0x00, 0x00, 0x00, 0x00, 0x00, 0x00, 0x00, 0x00, 0x00, 0x00, 0x00, 0x00, 0x00, 
        0x00, 0x00, 0x00, 0x00, 0x00, 0x00, 0x00, 0x00, 0x00, 0x00, 0x77, 0x1E, 0x4B, 0x00, 0xFF, 0x00, 
        0x9A, 0x00, 0xAF, 0x10, 0x64, 0x36, 0xB8, 0x0D, 0x65, 0x15, 0xBD, 0x0C, 0x67, 0x00, 0xB6, 0x0C, 
        0x64, 0x00, 0x00, 0x00, 0x00, 0x00, 0x00, 0x00, 0x00, 0x00, 0x00, 0x00, 0x00, 0x00, 0x00, 0x00, 
        0x00, 0x00, 0x00, 0x00, 0x00, 0x00, 0x00, 0x00, 0x00, 0x00, 0x00, 0x00, 0x00, 0x00, 0x00, 0x00, 
        0x00, 0x00, 0x00, 0x00, 0x00, 0x00, 0x00, 0x00, 0x00, 0x00, 0x00, 0x00, 0x00, 0x00, 0x00, 0x00, 
        0x00, 0x00, 0x00, 0x00, 0x00, 0x00, 0x00, 0x00, 0x00, 0x00, 0x00, 0x00, 0x00, 0x00, 0x00, 0x00, 
        0x00, 0x00, 0x00, 0x00, 0x00, 0x00, 0x00, 0x00, 0x00, 0x00, 0x00, 0x00, 0x00, 0x00, 0x00, 0x00, 
        0x00, 0x00, 0x00, 0x00, 0x00, 0x00, 0x00, 0x00, 0x00, 0x00, 0x00, 0x00, 0x00, 0x00, 0x00, 0x00, 
        0x00, 0x00, 0x00, 0x00, 0x00, 0x00, 0x00, 0x00, 0x00, 0x00, 0x00, 0x00, 0x00, 0x00, 0x00, 0x00, 
        0x00, 0x00, 0x00, 0x00, 0x00, 0x00, 0x00, 0x00, 0x00, 0x00, 0x00, 0x00, 0x00, 0x00, 0x00, 0x00, 
        0x00, 0x00, 0x00, 0x00, 0x00, 0x00, 0x00, 0x00, 0x00, 0x00, 0x00, 0x00, 0x00, 0x00, 0x00, 0x00, 
        0x00, 0x00, 0x00, 0x00, 0x00, 0x00, 0x00, 0x00, 0x00, 0x00, 0x00, 0x00, 0x00, 0x00, 0x00, 0x00, 
        0x00, 0x00, 0x00, 0x00, 0x00, 0x00, 0x00, 0x00, 0x00, 0x00, 0x00, 0x00, 0x00, 0x00, 0x00, 0x00, 
        0x00, 0x00, 0x00, 0x00, 0x00, 0x00, 0x00, 0x00, 0x00, 0x00, 0x00, 0x00, 0x00, 0x00, 0x00, 0x00, 
        0x00, 0x00, 0x00, 0x00, 0x00, 0x00, 0x00, 0x00, 0x00, 0x00, 0x99, 0x28, 0x22, 0x00, 0xDA, 0x3E, 
        0x2F, 0x00, 0xBA, 0x34, 0x29, 0x00, 0xC8, 0x39, 0x24, 0x00, 0xD3, 0x39, 0x1F, 0x00, 0xDC, 0x3B, 
        0x1E, 0x00, 0xDE, 0x3E, 0x1E, 0x00, 0xDE, 0x41, 0x1E, 0x00, 0xDF, 0x43, 0x1C, 0x00, 0xD3, 0x23, 
        0x47, 0x00, 0xC4, 0x08, 0x6A, 0x3E, 0xC9, 0x09, 0x6C, 0x75, 0x7B, 0x16, 0x49, 0x02, 0xC5, 0x2E, 
        0x3D, 0x00, 0xDF, 0x4B, 0x17, 0x00, 0xE3, 0x50, 0x12, 0x00, 0xE7, 0x54, 0x12, 0x00, 0xE7, 0x57, 
        0x11, 0x00, 0xE8, 0x59, 0x0F, 0x00, 0xEA, 0x5C, 0x0D, 0x00, 0xEC, 0x5F, 0x0A, 0x00, 0xED, 0x63, 
        0x09, 0x00, 0xEE, 0x67, 0x08, 0x00, 0xEF, 0x6A, 0x08, 0x00, 0xEE, 0x6D, 0x09, 0x00, 0xED, 0x6F, 
        0x0A, 0x00, 0xEE, 0x72, 0x0A, 0x00, 0xED, 0x74, 0x0A, 0x00, 0xED, 0x76, 0x09, 0x00, 0xEF, 0x78, 
        0x0A, 0x00, 0xEF, 0x79, 0x0B, 0x00, 0xEF, 0x7A, 0x0C, 0x00, 0xF0, 0x7C, 0x0B, 0x00, 0xF0, 0x7C, 
        0x0B, 0x00, 0xF0, 0x7D, 0x0A, 0x00, 0xF1, 0x7E, 0x0B, 0x00, 0xEC, 0x7E, 0x0A, 0x00, 0xE4, 0x7C, 
        0x0D, 0x00, 0xDE, 0x79, 0x12, 0x00, 0xD6, 0x77, 0x15, 0x00, 0xFC, 0x8A, 0x0D, 0x00, 0xB8, 0x68, 
        0x19, 0x00, 0x00, 0x00, 0x00, 0x00, 0x00, 0x00, 0x00, 0x00, 0x00, 0x00, 0x00, 0x00, 0x00, 0x00, 
        0x00, 0x00, 0x00, 0x00, 0x00, 0x00, 0x00, 0x00, 0x00, 0x00, 0x00, 0x00, 0x00, 0x00, 0x00, 0x00, 
        0x00, 0x00, 0x00, 0x00, 0x00, 0x00, 0x00, 0x00, 0x00, 0x00, 0x00, 0x00, 0x00, 0x00, 0x00, 0x00, 
        0x00, 0x00, 0x00, 0x00, 0x00, 0x00, 0x00, 0x00, 0x00, 0x00, 0x00, 0x00, 0x00, 0x00, 0x00, 0x00, 
        0x00, 0x00, 0x00, 0x00, 0x00, 0x00, 0x00, 0x00, 0x00, 0x00, 0x00, 0x00, 0x00, 0x00, 0x00, 0x00, 
        0x00, 0x00, 0xA9, 0x2C, 0x2B, 0x00, 0xFA, 0x36, 0x2C, 0x00, 0xD3, 0x30, 0x2D, 0x00, 0xE2, 0x34, 
        0x27, 0x00, 0x49, 0x31, 0x3D, 0x01, 0xC8, 0x3A, 0x24, 0x10, 0xD4, 0x3A, 0x1F, 0x1E, 0xDB, 0x3B, 
        0x1E, 0x26, 0xDD, 0x3E, 0x1E, 0x28, 0xDD, 0x40, 0x1E, 0x28, 0xDE, 0x43, 0x1C, 0x28, 0xDF, 0x46, 
        0x18, 0x27, 0xCB, 0x25, 0x46, 0x25, 0xD5, 0x08, 0x6F, 0xBA, 0xD0, 0x09, 0x70, 0x4B, 0xCD, 0x73, 
        0x00, 0x04, 0xDF, 0x4B, 0x17, 0x27, 0xE2, 0x50, 0x12, 0x29, 0xE6, 0x54, 0x12, 0x27, 0xE7, 0x57, 
        0x11, 0x28, 0xE8, 0x59, 0x0F, 0x28, 0xEA, 0x5C, 0x0D, 0x28, 0xEB, 0x5F, 0x0B, 0x28, 0xEC, 0x63, 
        0x09, 0x28, 0xEE, 0x67, 0x08, 0x28, 0xEF, 0x6A, 0x08, 0x28, 0xED, 0x6D, 0x0A, 0x28, 0xEC, 0x6F, 
        0x0A, 0x27, 0xEE, 0x72, 0x0B, 0x27, 0xEC, 0x74, 0x0B, 0x27, 0xED, 0x76, 0x09, 0x27, 0xEE, 0x78, 
        0x0A, 0x27, 0xEE, 0x79, 0x0B, 0x27, 0xEF, 0x7A, 0x0C, 0x28, 0xEF, 0x7C, 0x0B, 0x28, 0xEF, 0x7C, 
        0x0B, 0x28, 0xEF, 0x7D, 0x0B, 0x28, 0xF0, 0x7E, 0x0B, 0x28, 0xEC, 0x7E, 0x0B, 0x27, 0xE4, 0x7C, 
        0x0D, 0x20, 0xDD, 0x79, 0x12, 0x11, 0xA5, 0x6E, 0x33, 0x02, 0xFA, 0x80, 0x03, 0x00, 0xE8, 0x7D, 
        0x0D, 0x00, 0x00, 0x00, 0xFF, 0x00, 0xC7, 0x76, 0x1B, 0x00, 0x00, 0x00, 0x00, 0x00, 0x00, 0x00, 
        0x00, 0x00, 0x00, 0x00, 0x00, 0x00, 0x00, 0x00, 0x00, 0x00, 0x00, 0x00, 0x00, 0x00, 0x00, 0x00, 
        0x00, 0x00, 0x00, 0x00, 0x00, 0x00, 0x00, 0x00, 0x00, 0x00, 0x00, 0x00, 0x00, 0x00, 0x00, 0x00, 
        0x00, 0x00, 0x00, 0x00, 0x00, 0x00, 0x00, 0x00, 0x00, 0x00, 0x00, 0x00, 0x00, 0x00, 0x00, 0x00, 
        0x00, 0x00, 0x00, 0x00, 0x00, 0x00, 0x00, 0x00, 0x00, 0x00, 0x00, 0x00, 0x00, 0x00, 0xC7, 0x2E, 
        0x30, 0x00, 0xBD, 0x2E, 0x30, 0x00, 0xE4, 0x2E, 0x2A, 0x00, 0xCF, 0x31, 0x2D, 0x10, 0xDA, 0x34, 
        0x27, 0x51, 0xDE, 0x36, 0x25, 0x9B, 0xE2, 0x39, 0x22, 0xC9, 0xE4, 0x3B, 0x1F, 0xDE, 0xE6, 0x3C, 
        0x1D, 0xE6, 0xE8, 0x40, 0x1C, 0xE8, 0xE8, 0x43, 0x1B, 0xE8, 0xE8, 0x45, 0x19, 0xE7, 0xE9, 0x47, 
        0x16, 0xEA, 0xDF, 0x49, 0x17, 0x80, 0xD7, 0x09, 0x70, 0x92, 0xDC, 0x08, 0x74, 0xCC, 0xCA, 0x1F, 
        0x54, 0x2C, 0xE4, 0x4D, 0x13, 0xA6, 0xED, 0x51, 0x10, 0xEB, 0xF0, 0x56, 0x0D, 0xE7, 0xF1, 0x59, 
        0x0B, 0xE7, 0xF1, 0x5B, 0x08, 0xE7, 0xF2, 0x5E, 0x06, 0xE7, 0xF3, 0x61, 0x03, 0xE7, 0xF5, 0x64, 
        0x02, 0xE7, 0xF7, 0x67, 0x02, 0xE7, 0xF8, 0x6A, 0x01, 0xE7, 0xF9, 0x6C, 0x01, 0xE7, 0xF8, 0x6E, 
        0x02, 0xE7, 0xF9, 0x71, 0x02, 0xE7, 0xF8, 0x73, 0x02, 0xE7, 0xF9, 0x75, 0x02, 0xE7, 0xFA, 0x77, 
        0x02, 0xE7, 0xF9, 0x79, 0x02, 0xE7, 0xFA, 0x7A, 0x02, 0xE7, 0xF9, 0x7B, 0x02, 0xE7, 0xF9, 0x7B, 
        0x02, 0xE7, 0xF9, 0x7D, 0x02, 0xE7, 0xFA, 0x7E, 0x02, 0xE7, 0xF9, 0x7E, 0x02, 0xE6, 0xF7, 0x7F, 
        0x03, 0xE0, 0xF7, 0x7E, 0x03, 0xCD, 0xF6, 0x7F, 0x05, 0xA1, 0xF1, 0x7F, 0x09, 0x5A, 0xE5, 0x7C, 
        0x0E, 0x16, 0xFF, 0x80, 0x01, 0x00, 0xE0, 0x7A, 0x12, 0x00, 0xE7, 0x7C, 0x10, 0x00, 0x62, 0x27, 
        0x00, 0x00, 0x00, 0x00, 0x00, 0x00, 0x00, 0x00, 0x00, 0x00, 0x00, 0x00, 0x00, 0x00, 0x00, 0x00, 
        0x00, 0x00, 0x00, 0x00, 0x00, 0x00, 0x00, 0x00, 0x00, 0x00, 0x00, 0x00, 0x00, 0x00, 0x00, 0x00, 
        0x00, 0x00, 0x00, 0x00, 0x00, 0x00, 0x00, 0x00, 0x00, 0x00, 0x00, 0x00, 0x00, 0x00, 0x00, 0x00, 
        0x00, 0x00, 0x00, 0x00, 0x00, 0x00, 0x00, 0x00, 0x00, 0x00, 0xCA, 0x2B, 0x33, 0x00, 0xC9, 0x2B, 
        0x31, 0x00, 0x20, 0x33, 0x39, 0x01, 0xD8, 0x2D, 0x2B, 0x46, 0xE2, 0x2F, 0x29, 0xBD, 0xE4, 0x33, 
        0x27, 0xF8, 0xE6, 0x35, 0x24, 0xFF, 0xE6, 0x37, 0x22, 0xFF, 0xE7, 0x3A, 0x20, 0xFF, 0xE8, 0x3C, 
        0x1F, 0xFF, 0xE9, 0x3F, 0x1D, 0xFF, 0xEA, 0x42, 0x1C, 0xFF, 0xEA, 0x44, 0x1A, 0xFF, 0xEB, 0x47, 
        0x17, 0xFF, 0xE6, 0x4A, 0x16, 0xC2, 0xD3, 0x17, 0x5E, 0x5E, 0xE0, 0x0B, 0x74, 0xFA, 0xD8, 0x08, 
        0x78, 0x93, 0xD7, 0x47, 0x1A, 0x43, 0xEB, 0x51, 0x12, 0xE7, 0xF1, 0x55, 0x0E, 0xFF, 0xF2, 0x58, 
        0x0B, 0xFF, 0xF2, 0x5A, 0x09, 0xFF, 0xF3, 0x5D, 0x06, 0xFF, 0xF4, 0x60, 0x04, 0xFF, 0xF6, 0x64, 
        0x02, 0xFF, 0xF7, 0x66, 0x01, 0xFF, 0xF9, 0x68, 0x00, 0xFF, 0xFA, 0x6A, 0x00, 0xFF, 0xFA, 0x6D, 
        0x00, 0xFF, 0xFB, 0x70, 0x00, 0xFF, 0xFB, 0x72, 0x01, 0xFF, 0xFB, 0x74, 0x01, 0xFF, 0xFC, 0x76, 
        0x00, 0xFF, 0xFC, 0x78, 0x00, 0xFF, 0xFC, 0x79, 0x00, 0xFF, 0xFC, 0x7A, 0x00, 0xFF, 0xFC, 0x7B, 
        0x00, 0xFF, 0xFB, 0x7C, 0x00, 0xFF, 0xFB, 0x7D, 0x00, 0xFF, 0xFC, 0x7E, 0x00, 0xFF, 0xFC, 0x7F, 
        0x00, 0xFF, 0xFD, 0x7F, 0x00, 0xFF, 0xFD, 0x80, 0x00, 0xFF, 0xFA, 0x80, 0x02, 0xFB, 0xF5, 0x7F, 
        0x05, 0xCA, 0xF0, 0x7E, 0x0B, 0x59, 0xD3, 0x74, 0x1B, 0x05, 0xE8, 0x7D, 0x11, 0x00, 0xE9, 0x7E, 
        0x13, 0x00, 0x4D, 0x1A, 0x00, 0x00, 0x00, 0x00, 0x00, 0x00, 0x00, 0x00, 0x00, 0x00, 0x00, 0x00, 
        0x00, 0x00, 0x00, 0x00, 0x00, 0x00, 0x00, 0x00, 0x00, 0x00, 0x00, 0x00, 0x00, 0x00, 0x00, 0x00, 
        0x00, 0x00, 0x00, 0x00, 0x00, 0x00, 0x00, 0x00, 0x00, 0x00, 0x00, 0x00, 0x00, 0x00, 0x00, 0x00, 
        0x00, 0x00, 0x00, 0x00, 0x00, 0x00, 0xC5, 0x26, 0x32, 0x00, 0xC8, 0x29, 0x32, 0x00, 0xB4, 0x2A, 
        0x35, 0x04, 0xD9, 0x2B, 0x2E, 0x6E, 0xE1, 0x2C, 0x2C, 0xEC, 0xE5, 0x2E, 0x2A, 0xFF, 0xE5, 0x31, 
        0x29, 0xFF, 0xE6, 0x33, 0x27, 0xFF, 0xE6, 0x35, 0x24, 0xFF, 0xE7, 0x37, 0x23, 0xFF, 0xE8, 0x3A, 
        0x22, 0xFF, 0xE8, 0x3D, 0x1F, 0xFF, 0xE9, 0x40, 0x1F, 0xFF, 0xE9, 0x42, 0x1D, 0xFF, 0xEA, 0x44, 
        0x1A, 0xFF, 0xE8, 0x47, 0x19, 0xEC, 0xD6, 0x34, 0x38, 0x51, 0xDF, 0x0F, 0x70, 0xD7, 0xE0, 0x0A, 
        0x76, 0xF8, 0xD1, 0x0A, 0x75, 0x5A, 0xE3, 0x4F, 0x13, 0x6D, 0xED, 0x51, 0x12, 0xFB, 0xF0, 0x54, 
        0x0E, 0xFF, 0xF1, 0x57, 0x0B, 0xFF, 0xF2, 0x5A, 0x09, 0xFF, 0xF3, 0x5D, 0x07, 0xFF, 0xF5, 0x60, 
        0x04, 0xFF, 0xF5, 0x62, 0x02, 0xFF, 0xF6, 0x64, 0x00, 0xFF, 0xF7, 0x67, 0x00, 0xFF, 0xF9, 0x6A, 
        0x00, 0xFF, 0xFA, 0x6C, 0x00, 0xFF, 0xFA, 0x6F, 0x00, 0xFF, 0xFA, 0x72, 0x01, 0xFF, 0xFA, 0x74, 
        0x00, 0xFF, 0xFA, 0x76, 0x00, 0xFF, 0xFB, 0x78, 0x00, 0xFF, 0xFB, 0x79, 0x00, 0xFF, 0xFB, 0x7A, 
        0x00, 0xFF, 0xFB, 0x7B, 0x00, 0xFF, 0xFB, 0x7C, 0x00, 0xFF, 0xFB, 0x7D, 0x00, 0xFF, 0xFB, 0x7D, 
        0x00, 0xFF, 0xFC, 0x7E, 0x00, 0xFF, 0xFC, 0x7F, 0x00, 0xFF, 0xFB, 0x7F, 0x01, 0xFF, 0xFB, 0x80, 
        0x01, 0xFF, 0xF9, 0x7F, 0x03, 0xF5, 0xF2, 0x7E, 0x08, 0x86, 0xDC, 0x7B, 0x1B, 0x0B, 0xE7, 0x7C, 
        0x13, 0x00, 0xE4, 0x7A, 0x12, 0x00, 0x00, 0x00, 0x00, 0x00, 0x00, 0x00, 0x00, 0x00, 0x00, 0x00, 
        0x00, 0x00, 0x00, 0x00, 0x00, 0x00, 0x00, 0x00, 0x00, 0x00, 0x00, 0x00, 0x00, 0x00, 0x00, 0x00, 
        0x00, 0x00, 0x00, 0x00, 0x00, 0x00, 0x00, 0x00, 0x00, 0x00, 0x00, 0x00, 0x00, 0x00, 0x00, 0x00, 
        0x00, 0x00, 0xA5, 0x21, 0x2F, 0x00, 0xBA, 0x26, 0x31, 0x00, 0x00, 0x27, 0x1E, 0x01, 0xD8, 0x28, 
        0x32, 0x6E, 0xE2, 0x2A, 0x30, 0xF6, 0xE4, 0x2B, 0x2E, 0xFF, 0xE5, 0x2D, 0x2C, 0xFF, 0xE5, 0x2F, 
        0x2B, 0xFF, 0xE5, 0x31, 0x29, 0xFF, 0xE6, 0x32, 0x27, 0xFF, 0xE7, 0x34, 0x26, 0xFF, 0xE7, 0x37, 
        0x24, 0xFF, 0xE8, 0x3A, 0x22, 0xFF, 0xE8, 0x3D, 0x20, 0xFF, 0xE8, 0x3F, 0x1E, 0xFF, 0xE9, 0x42, 
        0x1B, 0xFF, 0xE8, 0x44, 0x1A, 0xFF, 0xDD, 0x44, 0x20, 0x70, 0xDA, 0x12, 0x6A, 0x9F, 0xE4, 0x0D, 
        0x71, 0xFF, 0xDE, 0x0B, 0x76, 0xD7, 0xCA, 0x1B, 0x5C, 0x34, 0xE5, 0x4E, 0x14, 0xA4, 0xED, 0x50, 
        0x11, 0xFF, 0xF0, 0x54, 0x0F, 0xFF, 0xF1, 0x57, 0x0B, 0xFF, 0xF2, 0x5A, 0x09, 0xFF, 0xF3, 0x5D, 
        0x06, 0xFF, 0xF4, 0x5F, 0x04, 0xFF, 0xF5, 0x62, 0x02, 0xFF, 0xF6, 0x65, 0x00, 0xFF, 0xF8, 0x68, 
        0x00, 0xFF, 0xF9, 0x6A, 0x00, 0xFF, 0xFA, 0x6C, 0x00, 0xFF, 0xFA, 0x6F, 0x00, 0xFF, 0xFA, 0x72, 
        0x01, 0xFF, 0xFB, 0x74, 0x01, 0xFF, 0xFB, 0x75, 0x00, 0xFF, 0xFB, 0x77, 0x00, 0xFF, 0xFA, 0x79, 
        0x00, 0xFF, 0xFB, 0x7A, 0x00, 0xFF, 0xFD, 0x7C, 0x00, 0xFF, 0xFB, 0x7D, 0x00, 0xFF, 0xFA, 0x7C, 
        0x00, 0xFF, 0xFB, 0x7D, 0x00, 0xFF, 0xFC, 0x7E, 0x00, 0xFF, 0xFC, 0x7F, 0x00, 0xFF, 0xFC, 0x7F, 
        0x00, 0xFF, 0xFB, 0x7F, 0x01, 0xFF, 0xF8, 0x80, 0x03, 0xFC, 0xF2, 0x7F, 0x08, 0x84, 0xCB, 0x72, 
        0x22, 0x04, 0xDC, 0x78, 0x14, 0x00, 0xC0, 0x6D, 0x17, 0x00, 0x00, 0x00, 0x00, 0x00, 0x00, 0x00, 
        0x00, 0x00, 0x00, 0x00, 0x00, 0x00, 0x00, 0x00, 0x00, 0x00, 0x00, 0x00, 0x00, 0x00, 0x00, 0x00, 
        0x00, 0x00, 0x00, 0x00, 0x00, 0x00, 0x00, 0x00, 0x00, 0x00, 0x00, 0x00, 0x00, 0x00, 0x00, 0x00, 
        0x00, 0x00, 0xED, 0x22, 0x3B, 0x00, 0xE1, 0x23, 0x33, 0x00, 0xD5, 0x24, 0x33, 0x45, 0xE0, 0x25, 
        0x32, 0xEB, 0xE5, 0x27, 0x32, 0xFF, 0xE4, 0x29, 0x30, 0xFF, 0xE4, 0x2B, 0x2E, 0xFF, 0xE6, 0x2D, 
        0x2D, 0xFF, 0xE5, 0x2E, 0x2B, 0xFF, 0xE5, 0x2F, 0x29, 0xFF, 0xE6, 0x31, 0x27, 0xFF, 0xE6, 0x34, 
        0x26, 0xFF, 0xE7, 0x36, 0x24, 0xFF, 0xE7, 0x39, 0x22, 0xFF, 0xE8, 0x3B, 0x20, 0xFF, 0xE9, 0x3F, 
        0x1D, 0xFF, 0xE9, 0x42, 0x1B, 0xFF, 0xE3, 0x45, 0x1C, 0xA8, 0xD5, 0x18, 0x5E, 0x65, 0xE3, 0x11, 
        0x6A, 0xFD, 0xE2, 0x0B, 0x74, 0xFF, 0xDA, 0x09, 0x78, 0xA2, 0xCF, 0x3C, 0x2B, 0x31, 0xE7, 0x4B, 
        0x15, 0xD4, 0xEE, 0x50, 0x12, 0xFF, 0xF0, 0x54, 0x0E, 0xFF, 0xF1, 0x57, 0x0C, 0xFF, 0xF2, 0x5A, 
        0x09, 0xFF, 0xF3, 0x5C, 0x07, 0xFF, 0xF4, 0x5F, 0x04, 0xFF, 0xF4, 0x61, 0x01, 0xFF, 0xF6, 0x64, 
        0x00, 0xFF, 0xF8, 0x67, 0x00, 0xFF, 0xF9, 0x6A, 0x00, 0xFF, 0xFA, 0x6C, 0x00, 0xFF, 0xFA, 0x6F, 
        0x00, 0xFF, 0xFB, 0x72, 0x01, 0xFF, 0xFC, 0x74, 0x00, 0xFF, 0xFB, 0x75, 0x00, 0xFF, 0xFA, 0x77, 
        0x00, 0xFF, 0xFB, 0x79, 0x00, 0xFF, 0xFC, 0x7B, 0x00, 0xFF, 0xFA, 0x7C, 0x00, 0xFF, 0xFA, 0x7C, 
        0x00, 0xFF, 0xFA, 0x7C, 0x00, 0xFF, 0xFB, 0x7D, 0x00, 0xFF, 0xFB, 0x7F, 0x00, 0xFF, 0xFB, 0x7F, 
        0x00, 0xFF, 0xFA, 0x7F, 0x01, 0xFF, 0xFA, 0x7F, 0x01, 0xFF, 0xF9, 0x7F, 0x03, 0xF3, 0xED, 0x7C, 
        0x0A, 0x53, 0xFF, 0x82, 0x02, 0x00, 0xFF, 0xB8, 0x00, 0x00, 0x00, 0x00, 0x00, 0x00, 0x00, 0x00, 
        0x00, 0x00, 0x00, 0x00, 0x00, 0x00, 0x00, 0x00, 0x00, 0x00, 0x00, 0x00, 0x00, 0x00, 0x00, 0x00, 
        0x00, 0x00, 0x00, 0x00, 0x00, 0x00, 0x00, 0x00, 0x00, 0x00, 0x00, 0x00, 0x00, 0x00, 0x8D, 0x19, 
        0x26, 0x00, 0xCA, 0x23, 0x36, 0x00, 0xC6, 0x23, 0x37, 0x0F, 0xDE, 0x22, 0x35, 0xBC, 0xE3, 0x24, 
        0x34, 0xFF, 0xE3, 0x24, 0x32, 0xFF, 0xE4, 0x26, 0x31, 0xFF, 0xE4, 0x28, 0x2F, 0xFF, 0xE5, 0x2A, 
        0x2D, 0xFF, 0xE5, 0x2C, 0x2D, 0xFF, 0xE4, 0x2D, 0x2B, 0xFF, 0xE6, 0x2F, 0x2A, 0xFF, 0xE6, 0x32, 
        0x28, 0xFF, 0xE7, 0x34, 0x26, 0xFF, 0xE8, 0x36, 0x24, 0xFF, 0xE7, 0x39, 0x22, 0xFF, 0xE8, 0x3C, 
        0x20, 0xFF, 0xE9, 0x3F, 0x1E, 0xFF, 0xE5, 0x41, 0x1E, 0xDD, 0xCE, 0x2B, 0x40, 0x48, 0xE1, 0x15, 
        0x64, 0xE2, 0xE5, 0x0F, 0x6E, 0xFF, 0xE3, 0x0A, 0x77, 0xF9, 0xD6, 0x08, 0x79, 0x66, 0xDE, 0x4A, 
        0x16, 0x52, 0xEC, 0x4D, 0x15, 0xF2, 0xEF, 0x51, 0x12, 0xFF, 0xF0, 0x53, 0x0F, 0xFF, 0xF1, 0x56, 
        0x0C, 0xFF, 0xF2, 0x59, 0x0A, 0xFF, 0xF3, 0x5C, 0x06, 0xFF, 0xF4, 0x5E, 0x04, 0xFF, 0xF5, 0x61, 
        0x02, 0xFF, 0xF6, 0x63, 0x01, 0xFF, 0xF7, 0x66, 0x00, 0xFF, 0xF9, 0x69, 0x00, 0xFF, 0xFA, 0x6B, 
        0x00, 0xFF, 0xFB, 0x6F, 0x00, 0xFF, 0xFB, 0x72, 0x00, 0xFF, 0xFB, 0x73, 0x00, 0xFF, 0xFB, 0x75, 
        0x00, 0xFF, 0xFB, 0x77, 0x00, 0xFF, 0xFB, 0x7A, 0x00, 0xFF, 0xFB, 0x7B, 0x00, 0xFF, 0xFB, 0x7C, 
        0x00, 0xFF, 0xFB, 0x7D, 0x00, 0xFF, 0xFC, 0x7E, 0x01, 0xFF, 0xFC, 0x7E, 0x01, 0xFF, 0xFC, 0x7E, 
        0x01, 0xFF, 0xFB, 0x7F, 0x00, 0xFF, 0xFA, 0x7F, 0x00, 0xFF, 0xFA, 0x80, 0x00, 0xFF, 0xF4, 0x7F, 
        0x04, 0xC4, 0xE1, 0x7B, 0x0F, 0x12, 0xE4, 0x7C, 0x0D, 0x00, 0xB2, 0x68, 0x1F, 0x00, 0x00, 0x00, 
        0x00, 0x00, 0x00, 0x00, 0x00, 0x00, 0x00, 0x00, 0x00, 0x00, 0x00, 0x00, 0x00, 0x00, 0x00, 0x00, 
        0x00, 0x00, 0x00, 0x00, 0x00, 0x00, 0x00, 0x00, 0x00, 0x00, 0x00, 0x00, 0x00, 0x00, 0xC2, 0x21, 
        0x3B, 0x00, 0xD9, 0x20, 0x37, 0x00, 0xD0, 0x1F, 0x36, 0x4E, 0xDF, 0x21, 0x36, 0xF8, 0xE1, 0x23, 
        0x35, 0xFF, 0xE1, 0x23, 0x33, 0xFF, 0xE3, 0x25, 0x33, 0xFF, 0xE3, 0x26, 0x31, 0xFF, 0xE4, 0x28, 
        0x2F, 0xFF, 0xE4, 0x2A, 0x2E, 0xFF, 0xE4, 0x2B, 0x2D, 0xFF, 0xE4, 0x2D, 0x2C, 0xFD, 0xE2, 0x2F, 
        0x2A, 0xEA, 0xE3, 0x31, 0x28, 0xDF, 0xE4, 0x33, 0x26, 0xDE, 0xE4, 0x36, 0x24, 0xDE, 0xE4, 0x39, 
        0x23, 0xDE, 0xE5, 0x3B, 0x21, 0xDF, 0xE2, 0x3C, 0x20, 0xD9, 0xCF, 0x38, 0x28, 0x4A, 0xDD, 0x18, 
        0x5D, 0xAE, 0xE4, 0x12, 0x66, 0xFF, 0xE5, 0x0E, 0x71, 0xFF, 0xE1, 0x0B, 0x76, 0xDF, 0xCE, 0x11, 
        0x68, 0x35, 0xE1, 0x4B, 0x16, 0x82, 0xEA, 0x4D, 0x15, 0xE1, 0xEB, 0x4F, 0x11, 0xDE, 0xEC, 0x52, 
        0x0F, 0xDE, 0xED, 0x55, 0x0D, 0xDE, 0xEE, 0x57, 0x0B, 0xDD, 0xEF, 0x5A, 0x08, 0xDD, 0xF0, 0x5C, 
        0x06, 0xDD, 0xF2, 0x5F, 0x03, 0xDD, 0xF3, 0x62, 0x02, 0xDE, 0xF4, 0x65, 0x01, 0xDD, 0xF5, 0x67, 
        0x01, 0xDD, 0xF7, 0x6B, 0x01, 0xDE, 0xF8, 0x6F, 0x01, 0xDE, 0xF8, 0x71, 0x02, 0xDE, 0xF7, 0x73, 
        0x02, 0xDE, 0xF7, 0x76, 0x02, 0xDE, 0xF7, 0x77, 0x02, 0xDE, 0xF8, 0x7A, 0x02, 0xE7, 0xFA, 0x7B, 
        0x01, 0xFB, 0xFC, 0x7D, 0x01, 0xFF, 0xFC, 0x7E, 0x01, 0xFF, 0xFC, 0x7E, 0x01, 0xFF, 0xFC, 0x7E, 
        0x01, 0xFF, 0xFB, 0x7F, 0x00, 0xFF, 0xFA, 0x7F, 0x00, 0xFF, 0xFB, 0x7F, 0x01, 0xFF, 0xF9, 0x80, 
        0x02, 0xF9, 0xEE, 0x7F, 0x0A, 0x50, 0xF5, 0x80, 0x05, 0x00, 0xD0, 0x73, 0x19, 0x00, 0x00, 0x00, 
        0x00, 0x00, 0x00, 0x00, 0x00, 0x00, 0x00, 0x00, 0x00, 0x00, 0x00, 0x00, 0x00, 0x00, 0x00, 0x00, 
        0x00, 0x00, 0x00, 0x00, 0x00, 0x00, 0x00, 0x00, 0x00, 0x00, 0x00, 0x00, 0x00, 0x00, 0xAD, 0x1F, 
        0x33, 0x00, 0xFF, 0x06, 0x46, 0x00, 0xD9, 0x1E, 0x39, 0x93, 0xE0, 0x1E, 0x38, 0xFF, 0xE0, 0x20, 
        0x37, 0xFF, 0xE0, 0x22, 0x35, 0xFF, 0xE1, 0x23, 0x34, 0xFF, 0xE1, 0x24, 0x32, 0xFF, 0xE3, 0x26, 
        0x30, 0xFF, 0xE2, 0x28, 0x2E, 0xFF, 0xDE, 0x29, 0x2E, 0xD7, 0xD6, 0x29, 0x2D, 0x6B, 0xCE, 0x2B, 
        0x2B, 0x2D, 0xCF, 0x2C, 0x29, 0x1F, 0xD2, 0x2F, 0x27, 0x1E, 0xD3, 0x30, 0x25, 0x1E, 0xD3, 0x33, 
        0x24, 0x1E, 0xD4, 0x35, 0x24, 0x1F, 0xD0, 0x35, 0x24, 0x20, 0xB3, 0x40, 0x15, 0x0A, 0xD9, 0x1C, 
        0x56, 0x6E, 0xE2, 0x18, 0x5F, 0xFF, 0xE5, 0x12, 0x69, 0xFF, 0xE4, 0x0E, 0x70, 0xFF, 0xDD, 0x0C, 
        0x73, 0xAF, 0xC2, 0x23, 0x4C, 0x17, 0xD6, 0x4C, 0x15, 0x1E, 0xDA, 0x4A, 0x16, 0x1E, 0xDB, 0x4C, 
        0x14, 0x1D, 0xDC, 0x4F, 0x12, 0x1D, 0xDE, 0x52, 0x10, 0x1D, 0xDF, 0x54, 0x0E, 0x1D, 0xE0, 0x56, 
        0x0B, 0x1D, 0xE4, 0x5A, 0x08, 0x1D, 0xE5, 0x5C, 0x08, 0x1D, 0xE4, 0x60, 0x06, 0x1D, 0xE5, 0x62, 
        0x07, 0x1D, 0xE6, 0x67, 0x06, 0x1D, 0xE7, 0x6A, 0x07, 0x1D, 0xE5, 0x6E, 0x07, 0x1D, 0xE6, 0x71, 
        0x08, 0x1D, 0xE6, 0x73, 0x09, 0x1D, 0xE6, 0x75, 0x0B, 0x1E, 0xE7, 0x77, 0x0C, 0x28, 0xEB, 0x79, 
        0x09, 0x5D, 0xF5, 0x7C, 0x05, 0xCA, 0xFA, 0x7D, 0x02, 0xFF, 0xFC, 0x7E, 0x01, 0xFF, 0xFC, 0x7E, 
        0x01, 0xFF, 0xFC, 0x7F, 0x00, 0xFF, 0xFC, 0x7F, 0x00, 0xFF, 0xFB, 0x7F, 0x00, 0xFF, 0xFA, 0x7F, 
        0x00, 0xFF, 0xF3, 0x7F, 0x07, 0x90, 0xFF, 0x9A, 0x00, 0x00, 0xB9, 0x68, 0x18, 0x00, 0x00, 0x00, 
        0x00, 0x00, 0x00, 0x00, 0x00, 0x00, 0x00, 0x00, 0x00, 0x00, 0x00, 0x00, 0x00, 0x00, 0x00, 0x00, 
        0x00, 0x00, 0x00, 0x00, 0x00, 0x00, 0x00, 0x00, 0x00, 0x00, 0x00, 0x00, 0x00, 0x00, 0xB9, 0x1B, 
        0x35, 0x00, 0xB7, 0x1C, 0x36, 0x0A, 0xDD, 0x1C, 0x3A, 0xBF, 0xE2, 0x1C, 0x3B, 0xFF, 0xE0, 0x1E, 
        0x39, 0xFF, 0xDF, 0x1F, 0x36, 0xFF, 0xDF, 0x21, 0x35, 0xFF, 0xE0, 0x22, 0x34, 0xFF, 0xE2, 0x24, 
        0x32, 0xFF, 0xDC, 0x25, 0x32, 0xD3, 0xCD, 0x27, 0x33, 0x31, 0xEE, 0x2A, 0x2F, 0x00, 0xD0, 0x2B, 
        0x2B, 0x00, 0xD0, 0x2D, 0x29, 0x00, 0xD2, 0x2F, 0x27, 0x00, 0xD3, 0x31, 0x25, 0x00, 0xD4, 0x33, 
        0x24, 0x00, 0xD5, 0x36, 0x24, 0x00, 0xD1, 0x36, 0x24, 0x00, 0xD0, 0x25, 0x48, 0x00, 0xD1, 0x21, 
        0x4F, 0x31, 0xE1, 0x1D, 0x59, 0xEC, 0xE5, 0x17, 0x63, 0xFF, 0xE4, 0x11, 0x6B, 0xFF, 0xE3, 0x0D, 
        0x72, 0xFC, 0xD7, 0x0C, 0x70, 0x72, 0xFF, 0x2F, 0x4B, 0x00, 0xD5, 0x46, 0x1C, 0x00, 0xDC, 0x4D, 
        0x14, 0x00, 0xDD, 0x50, 0x12, 0x00, 0xDE, 0x52, 0x10, 0x00, 0xDF, 0x55, 0x0E, 0x00, 0xE0, 0x57, 
        0x0B, 0x00, 0xE4, 0x5A, 0x08, 0x00, 0xE5, 0x5D, 0x08, 0x00, 0xE5, 0x61, 0x06, 0x00, 0xE6, 0x63, 
        0x07, 0x00, 0xE6, 0x67, 0x06, 0x00, 0xE7, 0x6B, 0x07, 0x00, 0xE6, 0x6F, 0x07, 0x00, 0xE6, 0x71, 
        0x08, 0x00, 0xE6, 0x73, 0x09, 0x00, 0xE6, 0x75, 0x0B, 0x00, 0xE8, 0x78, 0x0C, 0x00, 0xFC, 0x7D, 
        0x02, 0x00, 0xE4, 0x79, 0x0D, 0x24, 0xF6, 0x7C, 0x05, 0xC6, 0xFB, 0x7E, 0x01, 0xFF, 0xFC, 0x7E, 
        0x01, 0xFF, 0xFC, 0x7F, 0x00, 0xFF, 0xFC, 0x7F, 0x00, 0xFF, 0xFB, 0x7F, 0x00, 0xFF, 0xFB, 0x7F, 
        0x00, 0xFF, 0xF5, 0x7F, 0x05, 0xB6, 0xD3, 0x7B, 0x23, 0x06, 0xDB, 0x7B, 0x1B, 0x00, 0x00, 0x00, 
        0x00, 0x00, 0x00, 0x00, 0x00, 0x00, 0x00, 0x00, 0x00, 0x00, 0x00, 0x00, 0x00, 0x00, 0x00, 0x00, 
        0x00, 0x00, 0x00, 0x00, 0x00, 0x00, 0x00, 0x00, 0x00, 0x00, 0x00, 0x00, 0x00, 0x00, 0xB9, 0x17, 
        0x36, 0x00, 0xBA, 0x17, 0x37, 0x12, 0xDB, 0x19, 0x3C, 0xCE, 0xE2, 0x1A, 0x3C, 0xFF, 0xE1, 0x1D, 
        0x3B, 0xFF, 0xDF, 0x1E, 0x39, 0xFF, 0xE0, 0x20, 0x37, 0xFF, 0xE0, 0x22, 0x35, 0xFF, 0xDF, 0x23, 
        0x34, 0xF9, 0xD2, 0x24, 0x34, 0x5A, 0xE5, 0x24, 0x34, 0x00, 0x8A, 0x25, 0x31, 0x00, 0xB5, 0x26, 
        0x2F, 0x00, 0x00, 0x00, 0x00, 0x00, 0x00, 0x00, 0x00, 0x00, 0x00, 0x00, 0x00, 0x00, 0x00, 0x00, 
        0x00, 0x00, 0x00, 0x00, 0x00, 0x00, 0x00, 0x00, 0x00, 0x00, 0xC3, 0x24, 0x49, 0x00, 0xBF, 0x26, 
        0x47, 0x0C, 0xDE, 0x21, 0x54, 0xBF, 0xE4, 0x1C, 0x5B, 0xFF, 0xE4, 0x16, 0x63, 0xFF, 0xE5, 0x10, 
        0x6C, 0xFF, 0xDF, 0x0D, 0x71, 0xE6, 0xCB, 0x0E, 0x6C, 0x3A, 0xD6, 0x0D, 0x72, 0x00, 0xDD, 0x10, 
        0x76, 0x00, 0x61, 0x00, 0x35, 0x00, 0x00, 0x00, 0x00, 0x00, 0x00, 0x00, 0x00, 0x00, 0x00, 0x00, 
        0x00, 0x00, 0x00, 0x00, 0x00, 0x00, 0x00, 0x00, 0x00, 0x00, 0x00, 0x00, 0x00, 0x00, 0x00, 0x00, 
        0x00, 0x00, 0x00, 0x00, 0x00, 0x00, 0x00, 0x00, 0x00, 0x00, 0x00, 0x00, 0x00, 0x00, 0x00, 0x00, 
        0x00, 0x00, 0x00, 0x00, 0x00, 0x00, 0x00, 0x00, 0x00, 0x00, 0xB6, 0x67, 0x1B, 0x00, 0xFF, 0xFF, 
        0x00, 0x00, 0xF6, 0x7E, 0x04, 0x00, 0xEC, 0x7B, 0x0A, 0x50, 0xF9, 0x7D, 0x02, 0xF7, 0xFB, 0x7D, 
        0x00, 0xFF, 0xFA, 0x7E, 0x00, 0xFF, 0xFB, 0x7E, 0x01, 0xFF, 0xFC, 0x7E, 0x01, 0xFF, 0xFC, 0x7F, 
        0x00, 0xFF, 0xF7, 0x81, 0x04, 0xC2, 0xE5, 0x83, 0x1A, 0x0B, 0xE8, 0x83, 0x19, 0x00, 0x00, 0x00, 
        0x00, 0x00, 0x00, 0x00, 0x00, 0x00, 0x00, 0x00, 0x00, 0x00, 0x00, 0x00, 0x00, 0x00, 0x00, 0x00, 
        0x00, 0x00, 0x00, 0x00, 0x00, 0x00, 0x00, 0x00, 0x00, 0x00, 0x00, 0x00, 0x00, 0x00, 0xBD, 0x17, 
        0x3B, 0x00, 0xBE, 0x17, 0x3B, 0x13, 0xDC, 0x17, 0x40, 0xD0, 0xE2, 0x18, 0x3F, 0xFF, 0xE2, 0x1B, 
        0x3D, 0xFF, 0xE1, 0x1D, 0x3C, 0xFF, 0xE1, 0x1F, 0x3A, 0xFF, 0xE1, 0x20, 0x38, 0xFF, 0xDC, 0x20, 
        0x36, 0xD8, 0xC3, 0x21, 0x35, 0x19, 0xC3, 0x22, 0x35, 0x00, 0xA3, 0x24, 0x2F, 0x00, 0x00, 0x00, 
        0x00, 0x00, 0x00, 0x00, 0x00, 0x00, 0x00, 0x00, 0x00, 0x00, 0x00, 0x00, 0x00, 0x00, 0x00, 0x00, 
        0x00, 0x00, 0x00, 0x00, 0x00, 0x00, 0x00, 0x00, 0x00, 0x00, 0x7D, 0x1B, 0x31, 0x00, 0xFF, 0x22, 
        0x59, 0x00, 0xDD, 0x23, 0x4D, 0x7E, 0xE4, 0x20, 0x53, 0xFF, 0xE5, 0x1A, 0x5C, 0xFF, 0xE5, 0x14, 
        0x65, 0xFF, 0xE3, 0x0F, 0x6E, 0xFF, 0xDB, 0x0E, 0x70, 0xB9, 0xBE, 0x12, 0x67, 0x12, 0xC7, 0x10, 
        0x6A, 0x00, 0xBF, 0x10, 0x68, 0x00, 0x00, 0x00, 0x00, 0x00, 0x00, 0x00, 0x00, 0x00, 0x00, 0x00, 
        0x00, 0x00, 0x00, 0x00, 0x00, 0x00, 0x00, 0x00, 0x00, 0x00, 0x00, 0x00, 0x00, 0x00, 0x00, 0x00, 
        0x00, 0x00, 0x00, 0x00, 0x00, 0x00, 0x00, 0x00, 0x00, 0x00, 0x00, 0x00, 0x00, 0x00, 0x00, 0x00, 
        0x00, 0x00, 0x00, 0x00, 0x00, 0x00, 0x00, 0x00, 0x00, 0x00, 0x00, 0x00, 0x00, 0x00, 0xB4, 0x69, 
        0x19, 0x00, 0xE5, 0x7A, 0x11, 0x00, 0xE5, 0x7A, 0x11, 0x1A, 0xF8, 0x7D, 0x04, 0xDA, 0xFB, 0x7D, 
        0x00, 0xFF, 0xFA, 0x7E, 0x00, 0xFF, 0xFB, 0x7E, 0x01, 0xFF, 0xFB, 0x7D, 0x01, 0xFF, 0xFB, 0x7F, 
        0x00, 0xFF, 0xF6, 0x80, 0x03, 0xC2, 0xE4, 0x82, 0x17, 0x0B, 0xE7, 0x81, 0x17, 0x00, 0x00, 0x00, 
        0x00, 0x00, 0x00, 0x00, 0x00, 0x00, 0x00, 0x00, 0x00, 0x00, 0x00, 0x00, 0x00, 0x00, 0x00, 0x00, 
        0x00, 0x00, 0x00, 0x00, 0x00, 0x00, 0x00, 0x00, 0x00, 0x00, 0x00, 0x00, 0x00, 0x00, 0xBB, 0x15, 
        0x3C, 0x00, 0xBC, 0x15, 0x3C, 0x13, 0xDA, 0x14, 0x40, 0xD0, 0xE1, 0x15, 0x3F, 0xFF, 0xE2, 0x18, 
        0x3E, 0xFF, 0xE0, 0x1A, 0x3C, 0xFF, 0xE0, 0x1C, 0x3B, 0xFF, 0xE2, 0x1E, 0x39, 0xFF, 0xDA, 0x1E, 
        0x37, 0xC7, 0xB3, 0x1F, 0x35, 0x0D, 0xB4, 0x1F, 0x34, 0x00, 0x00, 0x00, 0x00, 0x00, 0x00, 0x00, 
        0x00, 0x00, 0x00, 0x00, 0x00, 0x00, 0x00, 0x00, 0x00, 0x00, 0x00, 0x00, 0x00, 0x00, 0x00, 0x00, 
        0x00, 0x00, 0x00, 0x00, 0x00, 0x00, 0x00, 0x00, 0x00, 0x00, 0xA8, 0x20, 0x40, 0x00, 0xD9, 0x27, 
        0x4B, 0x00, 0xD5, 0x27, 0x49, 0x3E, 0xE3, 0x25, 0x4E, 0xF2, 0xE5, 0x1F, 0x55, 0xFF, 0xE5, 0x19, 
        0x5E, 0xFF, 0xE3, 0x13, 0x67, 0xFF, 0xE2, 0x0F, 0x70, 0xFE, 0xD7, 0x0F, 0x6E, 0x7C, 0x00, 0x28, 
        0x00, 0x00, 0xB2, 0x11, 0x64, 0x00, 0x98, 0x0E, 0x54, 0x00, 0x00, 0x00, 0x00, 0x00, 0x00, 0x00, 
        0x00, 0x00, 0x00, 0x00, 0x00, 0x00, 0x00, 0x00, 0x00, 0x00, 0x00, 0x00, 0x00, 0x00, 0x00, 0x00, 
        0x00, 0x00, 0x00, 0x00, 0x00, 0x00, 0x00, 0x00, 0x00, 0x00, 0x00, 0x00, 0x00, 0x00, 0x00, 0x00, 
        0x00, 0x00, 0x00, 0x00, 0x00, 0x00, 0x00, 0x00, 0x00, 0x00, 0x00, 0x00, 0x00, 0x00, 0x00, 0x00, 
        0x00, 0x00, 0xD9, 0x74, 0x18, 0x00, 0xD9, 0x74, 0x18, 0x11, 0xF4, 0x7B, 0x05, 0xCE, 0xFB, 0x7C, 
        0x00, 0xFF, 0xFB, 0x7E, 0x01, 0xFF, 0xFC, 0x7E, 0x01, 0xFF, 0xFA, 0x7D, 0x00, 0xFF, 0xF9, 0x7E, 
        0x00, 0xFF, 0xF5, 0x7F, 0x04, 0xC2, 0xE5, 0x81, 0x18, 0x0B, 0xE7, 0x81, 0x17, 0x00, 0x00, 0x00, 
        0x00, 0x00, 0x00, 0x00, 0x00, 0x00, 0x00, 0x00, 0x00, 0x00, 0x00, 0x00, 0x00, 0x00, 0x00, 0x00, 
        0x00, 0x00, 0x00, 0x00, 0x00, 0x00, 0x00, 0x00, 0x00, 0x00, 0x00, 0x00, 0x00, 0x00, 0xBA, 0x13, 
        0x3C, 0x00, 0xBB, 0x13, 0x3D, 0x13, 0xD9, 0x12, 0x42, 0xD0, 0xE0, 0x13, 0x41, 0xFF, 0xDF, 0x16, 
        0x40, 0xFF, 0xE0, 0x19, 0x3E, 0xFF, 0xE0, 0x1A, 0x3C, 0xFF, 0xE2, 0x1B, 0x3A, 0xFF, 0xDA, 0x1D, 
        0x38, 0xC6, 0xB3, 0x1F, 0x34, 0x0D, 0xB4, 0x1F, 0x34, 0x00, 0x00, 0x00, 0x00, 0x00, 0x00, 0x00, 
        0x00, 0x00, 0x00, 0x00, 0x00, 0x00, 0x00, 0x00, 0x00, 0x00, 0x00, 0x00, 0x00, 0x00, 0x00, 0x00, 
        0x00, 0x00, 0x00, 0x00, 0x00, 0x00, 0x00, 0x00, 0x00, 0x00, 0x00, 0x00, 0x00, 0x00, 0xC5, 0x2A, 
        0x44, 0x00, 0xC4, 0x2B, 0x43, 0x12, 0xDF, 0x29, 0x49, 0xCB, 0xE5, 0x24, 0x4E, 0xFF, 0xE4, 0x1D, 
        0x57, 0xFF, 0xE3, 0x17, 0x5F, 0xFF, 0xE3, 0x12, 0x69, 0xFF, 0xDF, 0x0E, 0x6E, 0xEA, 0xCF, 0x0E, 
        0x6B, 0x40, 0xE1, 0x0E, 0x70, 0x00, 0xFA, 0x11, 0x7A, 0x00, 0x46, 0x00, 0x2E, 0x00, 0x00, 0x00, 
        0x00, 0x00, 0x00, 0x00, 0x00, 0x00, 0x00, 0x00, 0x00, 0x00, 0x00, 0x00, 0x00, 0x00, 0x00, 0x00, 
        0x00, 0x00, 0x00, 0x00, 0x00, 0x00, 0x00, 0x00, 0x00, 0x00, 0x00, 0x00, 0x00, 0x00, 0x00, 0x00, 
        0x00, 0x00, 0x00, 0x00, 0x00, 0x00, 0x00, 0x00, 0x00, 0x00, 0x00, 0x00, 0x00, 0x00, 0x00, 0x00, 
        0x00, 0x00, 0xD6, 0x72, 0x17, 0x00, 0xD6, 0x73, 0x17, 0x11, 0xF4, 0x7A, 0x04, 0xCD, 0xFA, 0x7C, 
        0x00, 0xFF, 0xFB, 0x7D, 0x00, 0xFF, 0xFB, 0x7D, 0x00, 0xFF, 0xFA, 0x7D, 0x00, 0xFF, 0xFA, 0x7F, 
        0x00, 0xFF, 0xF6, 0x80, 0x04, 0xC2, 0xE5, 0x83, 0x19, 0x0B, 0xE7, 0x83, 0x18, 0x00, 0x00, 0x00, 
        0x00, 0x00, 0x00, 0x00, 0x00, 0x00, 0x00, 0x00, 0x00, 0x00, 0x00, 0x00, 0x00, 0x00, 0x00, 0x00, 
        0x00, 0x00, 0x00, 0x00, 0x00, 0x00, 0x00, 0x00, 0x00, 0x00, 0x00, 0x00, 0x00, 0x00, 0xB9, 0x11, 
        0x3D, 0x00, 0xBA, 0x10, 0x3D, 0x13, 0xD8, 0x0F, 0x43, 0xD0, 0xDF, 0x11, 0x43, 0xFF, 0xDF, 0x14, 
        0x42, 0xFF, 0xDF, 0x16, 0x40, 0xFF, 0xDF, 0x18, 0x3E, 0xFF, 0xE1, 0x1A, 0x3C, 0xFF, 0xDA, 0x1C, 
        0x3A, 0xC7, 0xB2, 0x1E, 0x35, 0x0D, 0xB3, 0x1E, 0x35, 0x00, 0x00, 0x00, 0x00, 0x00, 0x00, 0x00, 
        0x00, 0x00, 0x00, 0x00, 0x00, 0x00, 0x00, 0x00, 0x00, 0x00, 0x00, 0x00, 0x00, 0x00, 0x00, 0x00, 
        0x00, 0x00, 0x00, 0x00, 0x00, 0x00, 0x00, 0x00, 0x00, 0x00, 0x00, 0x00, 0x00, 0x00, 0xA3, 0x29, 
        0x37, 0x00, 0xFF, 0x27, 0x5B, 0x00, 0xDC, 0x2D, 0x44, 0x8E, 0xE5, 0x29, 0x49, 0xFF, 0xE5, 0x23, 
        0x50, 0xFF, 0xE4, 0x1B, 0x59, 0xFF, 0xE4, 0x16, 0x61, 0xFF, 0xE4, 0x10, 0x69, 0xFF, 0xDB, 0x0E, 
        0x6C, 0xC0, 0xC2, 0x12, 0x65, 0x16, 0xCB, 0x11, 0x67, 0x00, 0xC5, 0x0F, 0x61, 0x00, 0x00, 0x00, 
        0x00, 0x00, 0x00, 0x00, 0x00, 0x00, 0x00, 0x00, 0x00, 0x00, 0x00, 0x00, 0x00, 0x00, 0x00, 0x00, 
        0x00, 0x00, 0x00, 0x00, 0x00, 0x00, 0x00, 0x00, 0x00, 0x00, 0x00, 0x00, 0x00, 0x00, 0x00, 0x00, 
        0x00, 0x00, 0x00, 0x00, 0x00, 0x00, 0x00, 0x00, 0x00, 0x00, 0x00, 0x00, 0x00, 0x00, 0x00, 0x00, 
        0x00, 0x00, 0xD4, 0x70, 0x16, 0x00, 0xD5, 0x70, 0x16, 0x11, 0xF3, 0x79, 0x04, 0xCE, 0xFA, 0x7C, 
        0x00, 0xFF, 0xFA, 0x7C, 0x00, 0xFF, 0xFB, 0x7D, 0x00, 0xFF, 0xFB, 0x7D, 0x00, 0xFF, 0xFC, 0x7F, 
        0x00, 0xFF, 0xF6, 0x80, 0x04, 0xC2, 0xE4, 0x82, 0x18, 0x0B, 0xE7, 0x82, 0x18, 0x00, 0x00, 0x00, 
        0x00, 0x00, 0x00, 0x00, 0x00, 0x00, 0x00, 0x00, 0x00, 0x00, 0x00, 0x00, 0x00, 0x00, 0x00, 0x00, 
        0x00, 0x00, 0x00, 0x00, 0x00, 0x00, 0x00, 0x00, 0x00, 0x00, 0x00, 0x00, 0x00, 0x00, 0xBB, 0x10, 
        0x3F, 0x00, 0xBC, 0x10, 0x40, 0x13, 0xD9, 0x0D, 0x45, 0xD0, 0xE0, 0x10, 0x46, 0xFF, 0xE0, 0x13, 
        0x44, 0xFF, 0xE0, 0x14, 0x41, 0xFF, 0xDF, 0x16, 0x40, 0xFF, 0xE1, 0x18, 0x3E, 0xFF, 0xDB, 0x1A, 
        0x3C, 0xC7, 0xB6, 0x1D, 0x37, 0x0D, 0xB6, 0x1C, 0x37, 0x00, 0x00, 0x00, 0x00, 0x00, 0x00, 0x00, 
        0x00, 0x00, 0x00, 0x00, 0x00, 0x00, 0x00, 0x00, 0x00, 0x00, 0x00, 0x00, 0x00, 0x00, 0x00, 0x00, 
        0x00, 0x00, 0x00, 0x00, 0x00, 0x00, 0x00, 0x00, 0x00, 0x00, 0x00, 0x00, 0x00, 0x00, 0xBA, 0x2C, 
        0x41, 0x00, 0xE0, 0x2E, 0x41, 0x00, 0xD8, 0x2E, 0x3F, 0x4B, 0xE5, 0x2D, 0x43, 0xF7, 0xE6, 0x28, 
        0x4B, 0xFF, 0xE4, 0x21, 0x52, 0xFF, 0xE3, 0x1A, 0x5A, 0xFF, 0xE4, 0x15, 0x62, 0xFF, 0xE3, 0x10, 
        0x6A, 0xFF, 0xD9, 0x10, 0x6A, 0x84, 0x4C, 0x12, 0x37, 0x01, 0xB8, 0x10, 0x5C, 0x00, 0x9A, 0x0F, 
        0x4D, 0x00, 0x00, 0x00, 0x00, 0x00, 0x00, 0x00, 0x00, 0x00, 0x00, 0x00, 0x00, 0x00, 0x00, 0x00, 
        0x00, 0x00, 0x00, 0x00, 0x00, 0x00, 0x00, 0x00, 0x00, 0x00, 0x00, 0x00, 0x00, 0x00, 0x00, 0x00, 
        0x00, 0x00, 0x00, 0x00, 0x00, 0x00, 0x00, 0x00, 0x00, 0x00, 0x00, 0x00, 0x00, 0x00, 0x00, 0x00, 
        0x00, 0x00, 0xD4, 0x70, 0x16, 0x00, 0xD4, 0x70, 0x16, 0x11, 0xF2, 0x78, 0x04, 0xCE, 0xFA, 0x7B, 
        0x00, 0xFF, 0xFA, 0x7C, 0x00, 0xFF, 0xFB, 0x7D, 0x00, 0xFF, 0xFB, 0x7D, 0x01, 0xFF, 0xFC, 0x7E, 
        0x00, 0xFF, 0xF6, 0x7F, 0x04, 0xC2, 0xE4, 0x81, 0x18, 0x0B, 0xE7, 0x81, 0x17, 0x00, 0x00, 0x00, 
        0x00, 0x00, 0x00, 0x00, 0x00, 0x00, 0x00, 0x00, 0x00, 0x00, 0x00, 0x00, 0x00, 0x00, 0x00, 0x00, 
        0x00, 0x00, 0x00, 0x00, 0x00, 0x00, 0x00, 0x00, 0x00, 0x00, 0x00, 0x00, 0x00, 0x00, 0xBB, 0x0F, 
        0x41, 0x00, 0xBC, 0x0F, 0x42, 0x13, 0xD9, 0x0C, 0x48, 0xD0, 0xE0, 0x0E, 0x48, 0xFF, 0xE0, 0x11, 
        0x46, 0xFF, 0xDF, 0x13, 0x43, 0xFF, 0xE0, 0x14, 0x41, 0xFF, 0xE1, 0x15, 0x3F, 0xFF, 0xDA, 0x17, 
        0x3D, 0xC7, 0xB3, 0x1B, 0x37, 0x0D, 0xB3, 0x1A, 0x37, 0x00, 0x00, 0x00, 0x00, 0x00, 0x00, 0x00, 
        0x00, 0x00, 0x00, 0x00, 0x00, 0x00, 0x00, 0x00, 0x00, 0x00, 0x00, 0x00, 0x00, 0x00, 0x00, 0x00, 
        0x00, 0x00, 0x00, 0x00, 0x00, 0x00, 0x00, 0x00, 0x00, 0x00, 0x00, 0x00, 0x00, 0x00, 0x80, 0x20, 
        0x29, 0x00, 0xCF, 0x30, 0x3C, 0x00, 0xCF, 0x31, 0x3C, 0x19, 0xE2, 0x31, 0x3E, 0xD5, 0xE6, 0x2C, 
        0x44, 0xFF, 0xE5, 0x26, 0x4B, 0xFF, 0xE3, 0x1F, 0x53, 0xFF, 0xE3, 0x19, 0x5B, 0xFF, 0xE4, 0x13, 
        0x63, 0xFF, 0xE0, 0x0F, 0x69, 0xEE, 0xD3, 0x0E, 0x67, 0x48, 0xE5, 0x0E, 0x6E, 0x00, 0xFF, 0x12, 
        0x8C, 0x00, 0x82, 0x0C, 0x3C, 0x00, 0x00, 0x00, 0x00, 0x00, 0x00, 0x00, 0x00, 0x00, 0x00, 0x00, 
        0x00, 0x00, 0x00, 0x00, 0x00, 0x00, 0x00, 0x00, 0x00, 0x00, 0x00, 0x00, 0x00, 0x00, 0x00, 0x00, 
        0x00, 0x00, 0x00, 0x00, 0x00, 0x00, 0x00, 0x00, 0x00, 0x00, 0x00, 0x00, 0x00, 0x00, 0x00, 0x00, 
        0x00, 0x00, 0xD4, 0x6E, 0x16, 0x00, 0xD4, 0x6E, 0x16, 0x11, 0xF4, 0x77, 0x04, 0xCE, 0xFC, 0x7A, 
        0x00, 0xFF, 0xFB, 0x7C, 0x00, 0xFF, 0xFA, 0x7C, 0x00, 0xFF, 0xFB, 0x7D, 0x00, 0xFF, 0xFB, 0x7D, 
        0x00, 0xFF, 0xF6, 0x7E, 0x04, 0xC2, 0xE6, 0x80, 0x19, 0x0B, 0xE8, 0x80, 0x19, 0x00, 0x00, 0x00, 
        0x00, 0x00, 0x00, 0x00, 0x00, 0x00, 0x00, 0x00, 0x00, 0x00, 0x00, 0x00, 0x00, 0x00, 0x00, 0x00, 
        0x00, 0x00, 0x00, 0x00, 0x00, 0x00, 0x00, 0x00, 0x00, 0x00, 0x00, 0x00, 0x00, 0x00, 0xBB, 0x0E, 
        0x44, 0x00, 0xBD, 0x0E, 0x44, 0x13, 0xDA, 0x0B, 0x4A, 0xD0, 0xE0, 0x0C, 0x4B, 0xFF, 0xDF, 0x0F, 
        0x48, 0xFF, 0xDF, 0x11, 0x45, 0xFF, 0xDF, 0x12, 0x43, 0xFF, 0xE0, 0x13, 0x41, 0xFF, 0xD9, 0x15, 
        0x3E, 0xC7, 0xB2, 0x1A, 0x38, 0x0E, 0xB2, 0x19, 0x38, 0x00, 0x00, 0x00, 0x00, 0x00, 0x00, 0x00, 
        0x00, 0x00, 0x00, 0x00, 0x00, 0x00, 0x00, 0x00, 0x00, 0x00, 0x00, 0x00, 0x00, 0x00, 0x00, 0x00, 
        0x00, 0x00, 0x00, 0x00, 0x00, 0x00, 0x00, 0x00, 0x00, 0x00, 0x00, 0x00, 0x00, 0x00, 0x00, 0x00, 
        0x00, 0x00, 0xB4, 0x31, 0x38, 0x00, 0x2E, 0x2D, 0x44, 0x01, 0xDF, 0x35, 0x39, 0x9B, 0xE5, 0x31, 
        0x3D, 0xFF, 0xE5, 0x2A, 0x45, 0xFF, 0xE4, 0x24, 0x4C, 0xFF, 0xE4, 0x1E, 0x53, 0xFF, 0xE4, 0x18, 
        0x5B, 0xFF, 0xE5, 0x13, 0x64, 0xFF, 0xDF, 0x11, 0x67, 0xC8, 0xC8, 0x13, 0x62, 0x1B, 0xCE, 0x12, 
        0x64, 0x00, 0xC3, 0x13, 0x61, 0x00, 0x00, 0x00, 0x00, 0x00, 0x00, 0x00, 0x00, 0x00, 0x00, 0x00, 
        0x00, 0x00, 0x00, 0x00, 0x00, 0x00, 0x00, 0x00, 0x00, 0x00, 0x00, 0x00, 0x00, 0x00, 0x00, 0x00, 
        0x00, 0x00, 0x00, 0x00, 0x00, 0x00, 0x00, 0x00, 0x00, 0x00, 0x00, 0x00, 0x00, 0x00, 0x00, 0x00, 
        0x00, 0x00, 0xD3, 0x6D, 0x16, 0x00, 0xD4, 0x6D, 0x16, 0x11, 0xF3, 0x76, 0x05, 0xCE, 0xFB, 0x79, 
        0x00, 0xFF, 0xFA, 0x7B, 0x00, 0xFF, 0xFA, 0x7C, 0x00, 0xFF, 0xFB, 0x7C, 0x00, 0xFF, 0xFB, 0x7D, 
        0x00, 0xFF, 0xF6, 0x7E, 0x04, 0xC2, 0xE5, 0x7F, 0x18, 0x0B, 0xE7, 0x7F, 0x18, 0x00, 0x00, 0x00, 
        0x00, 0x00, 0x00, 0x00, 0x00, 0x00, 0x00, 0x00, 0x00, 0x00, 0x00, 0x00, 0x00, 0x00, 0x00, 0x00, 
        0x00, 0x00, 0x00, 0x00, 0x00, 0x00, 0x00, 0x00, 0x00, 0x00, 0x00, 0x00, 0x00, 0x00, 0xBA, 0x0D, 
        0x44, 0x00, 0xBC, 0x0D, 0x45, 0x13, 0xD8, 0x09, 0x4C, 0xD1, 0xDF, 0x0A, 0x4C, 0xFF, 0xDE, 0x0D, 
        0x4A, 0xFF, 0xDE, 0x0F, 0x47, 0xFF, 0xDE, 0x10, 0x45, 0xFF, 0xDF, 0x11, 0x42, 0xFF, 0xD9, 0x14, 
        0x40, 0xC7, 0xB2, 0x19, 0x39, 0x0E, 0xB2, 0x18, 0x39, 0x00, 0x00, 0x00, 0x00, 0x00, 0x00, 0x00, 
        0x00, 0x00, 0x00, 0x00, 0x00, 0x00, 0x00, 0x00, 0x00, 0x00, 0x00, 0x00, 0x00, 0x00, 0x00, 0x00, 
        0x00, 0x00, 0x00, 0x00, 0x00, 0x00, 0x00, 0x00, 0x00, 0x00, 0x00, 0x00, 0x00, 0x00, 0x00, 0x00, 
        0x00, 0x00, 0xD1, 0x35, 0x41, 0x00, 0xE5, 0x38, 0x38, 0x00, 0xDA, 0x36, 0x36, 0x58, 0xE6, 0x35, 
        0x3A, 0xFB, 0xE6, 0x2F, 0x40, 0xFF, 0xE5, 0x29, 0x47, 0xFF, 0xE5, 0x24, 0x4E, 0xFF, 0xE4, 0x1D, 
        0x55, 0xFF, 0xE6, 0x18, 0x5C, 0xFF, 0xE6, 0x14, 0x64, 0xFF, 0xDA, 0x12, 0x66, 0x8E, 0x8F, 0x14, 
        0x58, 0x03, 0xBB, 0x13, 0x5E, 0x00, 0xAD, 0x10, 0x51, 0x00, 0x00, 0x00, 0x00, 0x00, 0x00, 0x00, 
        0x00, 0x00, 0x00, 0x00, 0x00, 0x00, 0x00, 0x00, 0x00, 0x00, 0x00, 0x00, 0x00, 0x00, 0x00, 0x00, 
        0x00, 0x00, 0x00, 0x00, 0x00, 0x00, 0x00, 0x00, 0x00, 0x00, 0x00, 0x00, 0x00, 0x00, 0x00, 0x00, 
        0x00, 0x00, 0xD3, 0x6C, 0x16, 0x00, 0xD3, 0x6C, 0x16, 0x11, 0xF3, 0x74, 0x04, 0xCE, 0xFA, 0x78, 
        0x00, 0xFF, 0xFB, 0x7A, 0x00, 0xFF, 0xFC, 0x7B, 0x00, 0xFF, 0xFB, 0x7C, 0x00, 0xFF, 0xFA, 0x7D, 
        0x00, 0xFF, 0xF6, 0x7D, 0x04, 0xC2, 0xE5, 0x7F, 0x19, 0x0B, 0xE7, 0x80, 0x18, 0x00, 0x00, 0x00, 
        0x00, 0x00, 0x00, 0x00, 0x00, 0x00, 0x00, 0x00, 0x00, 0x00, 0x00, 0x00, 0x00, 0x00, 0x00, 0x00, 
        0x00, 0x00, 0x00, 0x00, 0x00, 0x00, 0x00, 0x00, 0x00, 0x00, 0x00, 0x00, 0x00, 0x00, 0xBA, 0x0B, 
        0x45, 0x00, 0xBC, 0x0B, 0x46, 0x13, 0xD9, 0x07, 0x4E, 0xD1, 0xDF, 0x08, 0x4E, 0xFF, 0xDE, 0x0B, 
        0x4C, 0xFF, 0xDE, 0x0D, 0x4A, 0xFF, 0xDE, 0x0F, 0x47, 0xFF, 0xDF, 0x10, 0x45, 0xFF, 0xD8, 0x12, 
        0x42, 0xC7, 0xB1, 0x16, 0x3A, 0x0E, 0xB1, 0x16, 0x3A, 0x00, 0x00, 0x00, 0x00, 0x00, 0x00, 0x00, 
        0x00, 0x00, 0x00, 0x00, 0x00, 0x00, 0x00, 0x00, 0x00, 0x00, 0x00, 0x00, 0x00, 0x00, 0x00, 0x00, 
        0x00, 0x00, 0x00, 0x00, 0x00, 0x00, 0x00, 0x00, 0x00, 0x00, 0x00, 0x00, 0x00, 0x00, 0x00, 0x00, 
        0x00, 0x00, 0x8A, 0x22, 0x25, 0x00, 0xD5, 0x37, 0x38, 0x00, 0xD4, 0x38, 0x38, 0x20, 0xE4, 0x39, 
        0x37, 0xDD, 0xE7, 0x33, 0x3B, 0xFF, 0xE6, 0x2D, 0x42, 0xFF, 0xE5, 0x28, 0x48, 0xFF, 0xE5, 0x22, 
        0x4E, 0xFF, 0xE4, 0x1D, 0x55, 0xFF, 0xE5, 0x17, 0x5D, 0xFF, 0xE1, 0x14, 0x64, 0xF2, 0xD0, 0x13, 
        0x64, 0x51, 0xE6, 0x13, 0x6B, 0x00, 0xFF, 0x24, 0xE6, 0x00, 0x77, 0x04, 0x3A, 0x00, 0x00, 0x00, 
        0x00, 0x00, 0x00, 0x00, 0x00, 0x00, 0x00, 0x00, 0x00, 0x00, 0x00, 0x00, 0x00, 0x00, 0x00, 0x00, 
        0x00, 0x00, 0x00, 0x00, 0x00, 0x00, 0x00, 0x00, 0x00, 0x00, 0x00, 0x00, 0x00, 0x00, 0x00, 0x00, 
        0x00, 0x00, 0xD3, 0x6A, 0x15, 0x00, 0xD3, 0x6A, 0x15, 0x11, 0xF2, 0x72, 0x04, 0xCE, 0xFA, 0x76, 
        0x00, 0xFF, 0xFB, 0x79, 0x00, 0xFF, 0xFB, 0x7A, 0x00, 0xFF, 0xFA, 0x7B, 0x00, 0xFF, 0xFA, 0x7C, 
        0x00, 0xFF, 0xF6, 0x7E, 0x04, 0xC2, 0xE7, 0x81, 0x1A, 0x0B, 0xE9, 0x81, 0x1A, 0x00, 0x00, 0x00, 
        0x00, 0x00, 0x00, 0x00, 0x00, 0x00, 0x00, 0x00, 0x00, 0x00, 0x00, 0x00, 0x00, 0x00, 0x00, 0x00, 
        0x00, 0x00, 0x00, 0x00, 0x00, 0x00, 0x00, 0x00, 0x00, 0x00, 0x00, 0x00, 0x00, 0x00, 0xBA, 0x0A, 
        0x46, 0x00, 0xBB, 0x0A, 0x47, 0x13, 0xD9, 0x06, 0x4F, 0xD0, 0xDF, 0x06, 0x50, 0xFF, 0xDE, 0x09, 
        0x4E, 0xFF, 0xDE, 0x0C, 0x4C, 0xFF, 0xDE, 0x0D, 0x49, 0xFF, 0xDF, 0x0E, 0x47, 0xFF, 0xD8, 0x10, 
        0x43, 0xC7, 0xB1, 0x15, 0x3B, 0x0E, 0xB1, 0x15, 0x3C, 0x00, 0x00, 0x00, 0x00, 0x00, 0x00, 0x00, 
        0x00, 0x00, 0x00, 0x00, 0x00, 0x00, 0x00, 0x00, 0x00, 0x00, 0x00, 0x00, 0x00, 0x00, 0x00, 0x00, 
        0x00, 0x00, 0x00, 0x00, 0x00, 0x00, 0x00, 0x00, 0x00, 0x00, 0x00, 0x00, 0x00, 0x00, 0x00, 0x00, 
        0x00, 0x00, 0x00, 0x00, 0x00, 0x00, 0xC0, 0x34, 0x32, 0x00, 0xA6, 0x32, 0x34, 0x03, 0xE2, 0x3A, 
        0x32, 0xA6, 0xE7, 0x37, 0x36, 0xFF, 0xE6, 0x32, 0x3D, 0xFF, 0xE6, 0x2D, 0x42, 0xFF, 0xE6, 0x28, 
        0x49, 0xFF, 0xE5, 0x22, 0x4F, 0xFF, 0xE5, 0x1C, 0x57, 0xFF, 0xE5, 0x17, 0x5F, 0xFF, 0xDD, 0x14, 
        0x64, 0xCF, 0xCA, 0x15, 0x60, 0x20, 0xD0, 0x15, 0x61, 0x00, 0xC6, 0x16, 0x5E, 0x00, 0x00, 0x00, 
        0x00, 0x00, 0x00, 0x00, 0x00, 0x00, 0x00, 0x00, 0x00, 0x00, 0x00, 0x00, 0x00, 0x00, 0x00, 0x00, 
        0x00, 0x00, 0x00, 0x00, 0x00, 0x00, 0x00, 0x00, 0x00, 0x00, 0x00, 0x00, 0x00, 0x00, 0x00, 0x00, 
        0x00, 0x00, 0xD2, 0x69, 0x15, 0x00, 0xD2, 0x69, 0x15, 0x11, 0xF2, 0x71, 0x04, 0xCE, 0xFA, 0x75, 
        0x00, 0xFF, 0xFB, 0x77, 0x00, 0xFF, 0xFB, 0x79, 0x00, 0xFF, 0xFB, 0x7A, 0x00, 0xFF, 0xFB, 0x7B, 
        0x00, 0xFF, 0xF6, 0x7C, 0x04, 0xC2, 0xE6, 0x82, 0x17, 0x0B, 0xE8, 0x82, 0x17, 0x00, 0x00, 0x00, 
        0x00, 0x00, 0x00, 0x00, 0x00, 0x00, 0x00, 0x00, 0x00, 0x00, 0x00, 0x00, 0x00, 0x00, 0x00, 0x00, 
        0x00, 0x00, 0x00, 0x00, 0x00, 0x00, 0x00, 0x00, 0x00, 0x00, 0x00, 0x00, 0x00, 0x00, 0xB9, 0x0A, 
        0x47, 0x00, 0xBA, 0x0A, 0x47, 0x13, 0xD7, 0x06, 0x50, 0xD0, 0xDD, 0x06, 0x52, 0xFF, 0xDE, 0x08, 
        0x50, 0xFF, 0xDE, 0x0B, 0x4E, 0xFF, 0xDD, 0x0B, 0x4B, 0xFF, 0xDE, 0x0C, 0x48, 0xFF, 0xD8, 0x0E, 
        0x45, 0xC7, 0xB0, 0x14, 0x3D, 0x0E, 0xB0, 0x13, 0x3E, 0x00, 0x00, 0x00, 0x00, 0x00, 0x00, 0x00, 
        0x00, 0x00, 0x00, 0x00, 0x00, 0x00, 0x00, 0x00, 0x00, 0x00, 0x00, 0x00, 0x00, 0x00, 0x00, 0x00, 
        0x00, 0x00, 0x00, 0x00, 0x00, 0x00, 0x00, 0x00, 0x00, 0x00, 0x00, 0x00, 0x00, 0x00, 0x00, 0x00, 
        0x00, 0x00, 0x00, 0x00, 0x00, 0x00, 0xE6, 0x3D, 0x40, 0x00, 0xE9, 0x3F, 0x2F, 0x00, 0xDD, 0x3D, 
        0x2F, 0x62, 0xE7, 0x3C, 0x32, 0xFE, 0xE7, 0x37, 0x37, 0xFF, 0xE6, 0x32, 0x3D, 0xFF, 0xE6, 0x2D, 
        0x43, 0xFF, 0xE6, 0x27, 0x49, 0xFF, 0xE6, 0x22, 0x51, 0xFF, 0xE5, 0x1B, 0x58, 0xFF, 0xE6, 0x16, 
        0x60, 0xFF, 0xDB, 0x13, 0x61, 0x98, 0xA2, 0x14, 0x55, 0x06, 0xBC, 0x16, 0x5A, 0x00, 0xAD, 0x17, 
        0x54, 0x00, 0x00, 0x00, 0x00, 0x00, 0x00, 0x00, 0x00, 0x00, 0x00, 0x00, 0x00, 0x00, 0x00, 0x00, 
        0x00, 0x00, 0x00, 0x00, 0x00, 0x00, 0x00, 0x00, 0x00, 0x00, 0x00, 0x00, 0x00, 0x00, 0x00, 0x00, 
        0x00, 0x00, 0xD1, 0x67, 0x15, 0x00, 0xD2, 0x67, 0x15, 0x11, 0xF2, 0x6F, 0x04, 0xCE, 0xFB, 0x73, 
        0x00, 0xFF, 0xFB, 0x75, 0x00, 0xFF, 0xFB, 0x77, 0x00, 0xFF, 0xFB, 0x79, 0x00, 0xFF, 0xFB, 0x7A, 
        0x00, 0xFF, 0xF7, 0x7C, 0x04, 0xC2, 0xE6, 0x82, 0x16, 0x0B, 0xE8, 0x81, 0x16, 0x00, 0x00, 0x00, 
        0x00, 0x00, 0x00, 0x00, 0x00, 0x00, 0x00, 0x00, 0x00, 0x00, 0x00, 0x00, 0x00, 0x00, 0x00, 0x00, 
        0x00, 0x00, 0x00, 0x00, 0x00, 0x00, 0x00, 0x00, 0x00, 0x00, 0x00, 0x00, 0x00, 0x00, 0xB7, 0x0A, 
        0x4A, 0x00, 0xB8, 0x09, 0x4A, 0x13, 0xD7, 0x05, 0x53, 0xD0, 0xDD, 0x04, 0x53, 0xFF, 0xDD, 0x06, 
        0x51, 0xFF, 0xDE, 0x09, 0x4F, 0xFF, 0xDD, 0x0A, 0x4C, 0xFF, 0xDE, 0x0B, 0x4A, 0xFF, 0xD8, 0x0D, 
        0x47, 0xC8, 0xB2, 0x14, 0x3F, 0x0E, 0xB1, 0x13, 0x3F, 0x00, 0x00, 0x00, 0x00, 0x00, 0x00, 0x00, 
        0x00, 0x00, 0x00, 0x00, 0x00, 0x00, 0x00, 0x00, 0x00, 0x00, 0x00, 0x00, 0x00, 0x00, 0x00, 0x00, 
        0x00, 0x00, 0x00, 0x00, 0x00, 0x00, 0x00, 0x00, 0x00, 0x00, 0x00, 0x00, 0x00, 0x00, 0x00, 0x00, 
        0x00, 0x00, 0x00, 0x00, 0x00, 0x00, 0x94, 0x27, 0x22, 0x00, 0xD8, 0x3F, 0x2D, 0x00, 0xD6, 0x3F, 
        0x2D, 0x28, 0xE6, 0x3F, 0x2E, 0xE4, 0xE9, 0x3C, 0x31, 0xFF, 0xE9, 0x37, 0x38, 0xFF, 0xE8, 0x31, 
        0x3E, 0xFF, 0xE6, 0x2C, 0x43, 0xFF, 0xE6, 0x27, 0x4A, 0xFF, 0xE5, 0x21, 0x51, 0xFF, 0xE5, 0x1A, 
        0x59, 0xFF, 0xE2, 0x16, 0x5F, 0xF5, 0xD4, 0x15, 0x5F, 0x5B, 0xF7, 0x13, 0x6A, 0x00, 0x4B, 0x18, 
        0x33, 0x00, 0x74, 0x0B, 0x33, 0x00, 0x00, 0x00, 0x00, 0x00, 0x00, 0x00, 0x00, 0x00, 0x00, 0x00, 
        0x00, 0x00, 0x00, 0x00, 0x00, 0x00, 0x00, 0x00, 0x00, 0x00, 0x00, 0x00, 0x00, 0x00, 0x00, 0x00, 
        0x00, 0x00, 0xD2, 0x66, 0x14, 0x00, 0xD2, 0x66, 0x14, 0x11, 0xF2, 0x6D, 0x04, 0xCE, 0xFA, 0x71, 
        0x00, 0xFF, 0xFA, 0x74, 0x00, 0xFF, 0xFA, 0x76, 0x00, 0xFF, 0xFB, 0x78, 0x00, 0xFF, 0xFC, 0x79, 
        0x00, 0xFF, 0xF7, 0x7B, 0x04, 0xC2, 0xE7, 0x80, 0x16, 0x0B, 0xE9, 0x80, 0x16, 0x00, 0x00, 0x00, 
        0x00, 0x00, 0x00, 0x00, 0x00, 0x00, 0x00, 0x00, 0x00, 0x00, 0x00, 0x00, 0x00, 0x00, 0x00, 0x00, 
        0x00, 0x00, 0x00, 0x00, 0x00, 0x00, 0x00, 0x00, 0x00, 0x00, 0x00, 0x00, 0x00, 0x00, 0xB7, 0x08, 
        0x4B, 0x00, 0xB8, 0x08, 0x4C, 0x13, 0xD7, 0x03, 0x55, 0xD0, 0xDE, 0x03, 0x55, 0xFF, 0xDD, 0x05, 
        0x52, 0xFF, 0xDE, 0x07, 0x52, 0xFF, 0xDE, 0x09, 0x50, 0xFF, 0xDE, 0x0A, 0x4D, 0xFF, 0xD7, 0x0B, 
        0x49, 0xC8, 0xB0, 0x12, 0x40, 0x0E, 0xB0, 0x12, 0x40, 0x00, 0x00, 0x00, 0x00, 0x00, 0xE3, 0x8C, 
        0x1E, 0x00, 0xFF, 0x77, 0x00, 0x00, 0xF6, 0x83, 0x06, 0x00, 0xFF, 0x83, 0x01, 0x00, 0xFC, 0x7E, 
        0x02, 0x00, 0xFD, 0x78, 0x06, 0x00, 0xFE, 0x73, 0x09, 0x00, 0xFC, 0x6D, 0x0C, 0x00, 0xFA, 0x67, 
        0x0F, 0x00, 0xF9, 0x62, 0x14, 0x00, 0xF9, 0x5E, 0x18, 0x00, 0xF3, 0x57, 0x1E, 0x00, 0x71, 0x18, 
        0x41, 0x03, 0xE4, 0x42, 0x2A, 0xAF, 0xE9, 0x40, 0x2E, 0xFF, 0xE9, 0x3B, 0x33, 0xFF, 0xE8, 0x36, 
        0x39, 0xFF, 0xE7, 0x31, 0x3E, 0xFF, 0xE6, 0x2B, 0x45, 0xFF, 0xE5, 0x26, 0x4B, 0xFF, 0xE5, 0x20, 
        0x52, 0xFF, 0xE6, 0x1A, 0x59, 0xFF, 0xE0, 0x18, 0x5E, 0xD7, 0xCF, 0x17, 0x5D, 0x28, 0xD7, 0x17, 
        0x5F, 0x00, 0xD4, 0x19, 0x5F, 0x00, 0x00, 0x00, 0x00, 0x00, 0x00, 0x00, 0x00, 0x00, 0x00, 0x00, 
        0x00, 0x00, 0x00, 0x00, 0x00, 0x00, 0x00, 0x00, 0x00, 0x00, 0x00, 0x00, 0x00, 0x00, 0x00, 0x00, 
        0x00, 0x00, 0xD1, 0x65, 0x14, 0x00, 0xD2, 0x64, 0x14, 0x11, 0xF3, 0x6B, 0x04, 0xCE, 0xFA, 0x6F, 
        0x00, 0xFF, 0xFA, 0x72, 0x00, 0xFF, 0xFA, 0x74, 0x00, 0xFF, 0xFA, 0x76, 0x00, 0xFF, 0xFB, 0x78, 
        0x00, 0xFF, 0xF7, 0x7A, 0x03, 0xC2, 0xE6, 0x7F, 0x16, 0x0B, 0xE8, 0x7E, 0x15, 0x00, 0x00, 0x00, 
        0x00, 0x00, 0x00, 0x00, 0x00, 0x00, 0x00, 0x00, 0x00, 0x00, 0x00, 0x00, 0x00, 0x00, 0x00, 0x00, 
        0x00, 0x00, 0x00, 0x00, 0x00, 0x00, 0x00, 0x00, 0x00, 0x00, 0x00, 0x00, 0x00, 0x00, 0xB8, 0x07, 
        0x4D, 0x00, 0xB9, 0x07, 0x4D, 0x13, 0xD7, 0x02, 0x56, 0xD0, 0xDE, 0x02, 0x57, 0xFF, 0xDD, 0x04, 
        0x55, 0xFF, 0xDD, 0x06, 0x53, 0xFF, 0xDD, 0x07, 0x51, 0xFF, 0xDD, 0x07, 0x4E, 0xFF, 0xD6, 0x09, 
        0x4B, 0xC8, 0xAE, 0x11, 0x3F, 0x0E, 0xAE, 0x11, 0x40, 0x00, 0x00, 0x00, 0x00, 0x00, 0xC5, 0x7A, 
        0x20, 0x00, 0x99, 0x7F, 0x3D, 0x01, 0xDF, 0x79, 0x0A, 0x49, 0xEA, 0x79, 0x06, 0x75, 0xE9, 0x76, 
        0x06, 0x72, 0xE9, 0x71, 0x08, 0x72, 0xE9, 0x6C, 0x0D, 0x72, 0xE7, 0x65, 0x10, 0x72, 0xE5, 0x60, 
        0x12, 0x72, 0xE3, 0x5B, 0x16, 0x72, 0xE2, 0x56, 0x1A, 0x73, 0xE1, 0x52, 0x1D, 0x73, 0xE0, 0x4E, 
        0x21, 0x72, 0xE7, 0x48, 0x26, 0xBD, 0xEB, 0x44, 0x2A, 0xFF, 0xEA, 0x40, 0x2E, 0xFF, 0xE8, 0x3A, 
        0x33, 0xFF, 0xE8, 0x35, 0x39, 0xFF, 0xE7, 0x2F, 0x3F, 0xFF, 0xE6, 0x2A, 0x46, 0xFF, 0xE5, 0x25, 
        0x4C, 0xFF, 0xE6, 0x1F, 0x52, 0xFF, 0xE5, 0x1B, 0x5A, 0xFF, 0xDD, 0x18, 0x5E, 0xA3, 0xB9, 0x17, 
        0x59, 0x09, 0xC5, 0x18, 0x59, 0x00, 0xB0, 0x1B, 0x51, 0x00, 0x00, 0x00, 0x00, 0x00, 0x00, 0x00, 
        0x00, 0x00, 0x00, 0x00, 0x00, 0x00, 0x00, 0x00, 0x00, 0x00, 0x00, 0x00, 0x00, 0x00, 0x00, 0x00, 
        0x00, 0x00, 0xD2, 0x62, 0x14, 0x00, 0xD2, 0x62, 0x14, 0x11, 0xF3, 0x69, 0x04, 0xCE, 0xFB, 0x6D, 
        0x00, 0xFF, 0xFB, 0x70, 0x00, 0xFF, 0xFB, 0x72, 0x00, 0xFF, 0xFA, 0x74, 0x00, 0xFF, 0xFA, 0x76, 
        0x00, 0xFF, 0xF6, 0x78, 0x04, 0xC2, 0xE3, 0x7C, 0x17, 0x0B, 0xE4, 0x7C, 0x17, 0x00, 0x00, 0x00, 
        0x00, 0x00, 0x00, 0x00, 0x00, 0x00, 0x00, 0x00, 0x00, 0x00, 0x00, 0x00, 0x00, 0x00, 0x00, 0x00, 
        0x00, 0x00, 0x00, 0x00, 0x00, 0x00, 0x00, 0x00, 0x00, 0x00, 0x00, 0x00, 0x00, 0x00, 0xB8, 0x08, 
        0x4D, 0x00, 0xB9, 0x08, 0x4D, 0x13, 0xD6, 0x02, 0x56, 0xD0, 0xDE, 0x01, 0x59, 0xFF, 0xDE, 0x02, 
        0x57, 0xFF, 0xDD, 0x05, 0x55, 0xFF, 0xDD, 0x05, 0x53, 0xFF, 0xDD, 0x05, 0x50, 0xFF, 0xD5, 0x08, 
        0x4D, 0xC8, 0xAC, 0x10, 0x40, 0x0E, 0xAC, 0x0F, 0x41, 0x00, 0x00, 0x00, 0x00, 0x00, 0xC5, 0x79, 
        0x1D, 0x00, 0xFA, 0x7F, 0x00, 0x00, 0xE6, 0x7C, 0x09, 0x50, 0xF5, 0x7F, 0x04, 0xF3, 0xF7, 0x7C, 
        0x02, 0xFF, 0xF6, 0x77, 0x03, 0xFF, 0xF6, 0x72, 0x06, 0xFF, 0xF5, 0x6B, 0x09, 0xFF, 0xF3, 0x65, 
        0x0D, 0xFF, 0xF1, 0x61, 0x10, 0xFF, 0xF0, 0x5C, 0x15, 0xFF, 0xEF, 0x57, 0x19, 0xFF, 0xEE, 0x53, 
        0x1D, 0xFF, 0xEF, 0x4E, 0x21, 0xFF, 0xEE, 0x4A, 0x25, 0xFF, 0xEC, 0x45, 0x29, 0xFF, 0xEA, 0x3F, 
        0x2F, 0xFF, 0xE9, 0x3A, 0x34, 0xFF, 0xE9, 0x35, 0x3A, 0xFF, 0xE7, 0x2F, 0x40, 0xFF, 0xE6, 0x2A, 
        0x46, 0xFF, 0xE5, 0x25, 0x4C, 0xFF, 0xE6, 0x1F, 0x54, 0xFF, 0xE3, 0x1B, 0x5A, 0xF9, 0xD5, 0x1A, 
        0x5B, 0x66, 0xFF, 0x19, 0x68, 0x00, 0x8B, 0x1A, 0x4A, 0x00, 0x94, 0x14, 0x3F, 0x00, 0x00, 0x00, 
        0x00, 0x00, 0x00, 0x00, 0x00, 0x00, 0x00, 0x00, 0x00, 0x00, 0x00, 0x00, 0x00, 0x00, 0x00, 0x00, 
        0x00, 0x00, 0xD0, 0x60, 0x14, 0x00, 0xD1, 0x60, 0x14, 0x11, 0xF2, 0x67, 0x04, 0xCE, 0xFA, 0x6B, 
        0x00, 0xFF, 0xFB, 0x6E, 0x00, 0xFF, 0xFB, 0x6F, 0x00, 0xFF, 0xFA, 0x72, 0x00, 0xFF, 0xFA, 0x74, 
        0x00, 0xFF, 0xF5, 0x76, 0x03, 0xC2, 0xE1, 0x7A, 0x16, 0x0B, 0xE3, 0x7A, 0x16, 0x00, 0x00, 0x00, 
        0x00, 0x00, 0x00, 0x00, 0x00, 0x00, 0x00, 0x00, 0x00, 0x00, 0x00, 0x00, 0x00, 0x00, 0x00, 0x00, 
        0x00, 0x00, 0x00, 0x00, 0x00, 0x00, 0x00, 0x00, 0x00, 0x00, 0x00, 0x00, 0x00, 0x00, 0xB7, 0x07, 
        0x4D, 0x00, 0xB8, 0x07, 0x4D, 0x13, 0xD6, 0x02, 0x57, 0xD0, 0xDD, 0x00, 0x5A, 0xFF, 0xDD, 0x01, 
        0x59, 0xFF, 0xDD, 0x02, 0x58, 0xFF, 0xDD, 0x04, 0x56, 0xFF, 0xDD, 0x05, 0x53, 0xFF, 0xD5, 0x07, 
        0x50, 0xC8, 0xAE, 0x0E, 0x45, 0x0E, 0xAE, 0x0E, 0x45, 0x00, 0x00, 0x00, 0x00, 0x00, 0xC5, 0x78, 
        0x1C, 0x00, 0xD6, 0x7A, 0x10, 0x00, 0xAC, 0x75, 0x1D, 0x03, 0xF2, 0x80, 0x07, 0x89, 0xF9, 0x80, 
        0x01, 0xFF, 0xF9, 0x7C, 0x01, 0xFF, 0xF9, 0x76, 0x03, 0xFF, 0xF7, 0x70, 0x06, 0xFF, 0xF6, 0x6A, 
        0x09, 0xFF, 0xF4, 0x66, 0x0D, 0xFF, 0xF4, 0x61, 0x10, 0xFF, 0xF2, 0x5C, 0x15, 0xFF, 0xF1, 0x58, 
        0x19, 0xFF, 0xEF, 0x52, 0x1D, 0xFF, 0xEE, 0x4E, 0x21, 0xFF, 0xEE, 0x4A, 0x25, 0xFF, 0xEB, 0x44, 
        0x2A, 0xFF, 0xEB, 0x3F, 0x2F, 0xFF, 0xEB, 0x3A, 0x35, 0xFF, 0xE8, 0x34, 0x3B, 0xFF, 0xE6, 0x2E, 
        0x40, 0xFF, 0xE6, 0x29, 0x46, 0xFF, 0xE6, 0x24, 0x4E, 0xFF, 0xE7, 0x1F, 0x54, 0xFF, 0xE1, 0x1C, 
        0x59, 0xDD, 0xCF, 0x1C, 0x57, 0x2E, 0xD7, 0x1C, 0x58, 0x00, 0xDC, 0x1C, 0x58, 0x00, 0x00, 0x00, 
        0x00, 0x00, 0x00, 0x00, 0x00, 0x00, 0x00, 0x00, 0x00, 0x00, 0x00, 0x00, 0x00, 0x00, 0x00, 0x00, 
        0x00, 0x00, 0xCF, 0x5D, 0x15, 0x00, 0xD0, 0x5D, 0x15, 0x11, 0xF2, 0x65, 0x04, 0xCF, 0xF9, 0x69, 
        0x00, 0xFF, 0xFA, 0x6B, 0x00, 0xFF, 0xFB, 0x6D, 0x00, 0xFF, 0xFA, 0x70, 0x00, 0xFF, 0xFA, 0x72, 
        0x00, 0xFF, 0xF6, 0x74, 0x04, 0xC2, 0xE4, 0x78, 0x17, 0x0B, 0xE6, 0x78, 0x17, 0x00, 0x00, 0x00, 
        0x00, 0x00, 0x00, 0x00, 0x00, 0x00, 0x00, 0x00, 0x00, 0x00, 0x00, 0x00, 0x00, 0x00, 0x00, 0x00, 
        0x00, 0x00, 0x00, 0x00, 0x00, 0x00, 0x00, 0x00, 0x00, 0x00, 0x00, 0x00, 0x00, 0x00, 0xB8, 0x07, 
        0x4F, 0x00, 0xB9, 0x07, 0x4F, 0x13, 0xD6, 0x02, 0x59, 0xD0, 0xDC, 0x00, 0x5B, 0xFF, 0xDD, 0x00, 
        0x5B, 0xFF, 0xDC, 0x01, 0x59, 0xFF, 0xDC, 0x02, 0x57, 0xFF, 0xDD, 0x03, 0x55, 0xFF, 0xD5, 0x06, 
        0x51, 0xC8, 0xAD, 0x0D, 0x45, 0x0E, 0xAD, 0x0D, 0x46, 0x00, 0x00, 0x00, 0x00, 0x00, 0x00, 0x00, 
        0x00, 0x00, 0xDD, 0x7C, 0x0D, 0x00, 0xE9, 0x7F, 0x0A, 0x00, 0xE4, 0x7E, 0x0D, 0x17, 0xF3, 0x81, 
        0x05, 0xC1, 0xFA, 0x7F, 0x01, 0xFF, 0xF9, 0x7A, 0x01, 0xFF, 0xF8, 0x74, 0x02, 0xFF, 0xF7, 0x6E, 
        0x06, 0xFF, 0xF6, 0x69, 0x0A, 0xFF, 0xF5, 0x65, 0x0D, 0xFF, 0xF3, 0x61, 0x11, 0xFF, 0xF1, 0x5B, 
        0x15, 0xFF, 0xEF, 0x57, 0x18, 0xFF, 0xEE, 0x52, 0x1C, 0xFF, 0xEE, 0x4E, 0x20, 0xFF, 0xED, 0x49, 
        0x25, 0xFF, 0xEC, 0x44, 0x2A, 0xFF, 0xEC, 0x3F, 0x30, 0xFF, 0xEA, 0x39, 0x35, 0xFF, 0xE8, 0x33, 
        0x3B, 0xFF, 0xE8, 0x2E, 0x41, 0xFF, 0xE7, 0x28, 0x48, 0xFF, 0xE7, 0x24, 0x4D, 0xFF, 0xE6, 0x1E, 
        0x54, 0xFF, 0xDF, 0x1C, 0x58, 0xAC, 0xC2, 0x1A, 0x52, 0x0C, 0xCC, 0x1C, 0x52, 0x00, 0xB9, 0x20, 
        0x4B, 0x00, 0x00, 0x00, 0x00, 0x00, 0x00, 0x00, 0x00, 0x00, 0x00, 0x00, 0x00, 0x00, 0x00, 0x00, 
        0x00, 0x00, 0xCE, 0x5B, 0x14, 0x00, 0xCF, 0x5B, 0x14, 0x11, 0xF1, 0x62, 0x04, 0xCF, 0xF8, 0x67, 
        0x00, 0xFF, 0xF9, 0x69, 0x00, 0xFF, 0xFA, 0x6B, 0x00, 0xFF, 0xFA, 0x6E, 0x00, 0xFF, 0xFB, 0x70, 
        0x00, 0xFF, 0xF6, 0x73, 0x04, 0xC2, 0xE4, 0x75, 0x16, 0x0B, 0xE6, 0x75, 0x17, 0x00, 0x00, 0x00, 
        0x00, 0x00, 0x00, 0x00, 0x00, 0x00, 0x00, 0x00, 0x00, 0x00, 0x00, 0x00, 0x00, 0x00, 0x00, 0x00, 
        0x00, 0x00, 0x00, 0x00, 0x00, 0x00, 0x00, 0x00, 0x00, 0x00, 0x00, 0x00, 0x00, 0x00, 0xB7, 0x07, 
        0x4E, 0x00, 0xB7, 0x06, 0x4E, 0x13, 0xD4, 0x01, 0x58, 0xD0, 0xDC, 0x00, 0x5B, 0xFF, 0xDC, 0x00, 
        0x5B, 0xFF, 0xDC, 0x01, 0x5A, 0xFF, 0xDC, 0x01, 0x58, 0xFF, 0xDC, 0x02, 0x56, 0xFF, 0xD5, 0x05, 
        0x52, 0xC8, 0xAC, 0x0B, 0x48, 0x0E, 0xAC, 0x0B, 0x48, 0x00, 0x00, 0x00, 0x00, 0x00, 0x00, 0x00, 
        0x00, 0x00, 0x5B, 0x34, 0x07, 0x00, 0xFF, 0x8B, 0x00, 0x00, 0xF6, 0x83, 0x04, 0x00, 0xE9, 0x80, 
        0x0B, 0x40, 0xF7, 0x82, 0x03, 0xE9, 0xFA, 0x7F, 0x00, 0xFF, 0xF8, 0x79, 0x01, 0xFF, 0xF8, 0x74, 
        0x04, 0xFF, 0xF6, 0x6E, 0x07, 0xFF, 0xF4, 0x68, 0x0A, 0xFF, 0xF3, 0x64, 0x0E, 0xFF, 0xF2, 0x5F, 
        0x12, 0xFF, 0xF0, 0x5B, 0x15, 0xFF, 0xEE, 0x56, 0x19, 0xFF, 0xEF, 0x53, 0x1D, 0xFF, 0xEF, 0x4E, 
        0x21, 0xFF, 0xED, 0x49, 0x26, 0xFF, 0xEC, 0x43, 0x2A, 0xFF, 0xEB, 0x3E, 0x30, 0xFF, 0xEA, 0x39, 
        0x36, 0xFF, 0xE9, 0x33, 0x3B, 0xFF, 0xE7, 0x2E, 0x41, 0xFF, 0xE7, 0x28, 0x47, 0xFF, 0xE7, 0x23, 
        0x4D, 0xFF, 0xE6, 0x1E, 0x53, 0xFB, 0xDA, 0x1D, 0x54, 0x6E, 0xFF, 0x16, 0x6B, 0x00, 0xA2, 0x20, 
        0x45, 0x00, 0x90, 0x15, 0x38, 0x00, 0x00, 0x00, 0x00, 0x00, 0x00, 0x00, 0x00, 0x00, 0x00, 0x00, 
        0x00, 0x00, 0xCE, 0x59, 0x15, 0x00, 0xCE, 0x59, 0x15, 0x11, 0xF0, 0x60, 0x05, 0xCF, 0xF8, 0x65, 
        0x00, 0xFF, 0xF9, 0x68, 0x00, 0xFF, 0xF9, 0x6A, 0x00, 0xFF, 0xFA, 0x6C, 0x00, 0xFF, 0xFA, 0x6F, 
        0x00, 0xFF, 0xF6, 0x71, 0x04, 0xC2, 0xE4, 0x73, 0x18, 0x0B, 0xE6, 0x73, 0x18, 0x00, 0x00, 0x00, 
        0x00, 0x00, 0x00, 0x00, 0x00, 0x00, 0x00, 0x00, 0x00, 0x00, 0x00, 0x00, 0x00, 0x00, 0x00, 0x00, 
        0x00, 0x00, 0x00, 0x00, 0x00, 0x00, 0x00, 0x00, 0x00, 0x00, 0x00, 0x00, 0x00, 0x00, 0xB7, 0x07, 
        0x4F, 0x00, 0xB7, 0x07, 0x50, 0x13, 0xD4, 0x01, 0x59, 0xD0, 0xDC, 0x00, 0x5D, 0xFF, 0xDD, 0x00, 
        0x5D, 0xFF, 0xDD, 0x00, 0x5B, 0xFF, 0xDC, 0x00, 0x5A, 0xFF, 0xDC, 0x01, 0x58, 0xFF, 0xD4, 0x03, 
        0x55, 0xC8, 0xAB, 0x0A, 0x4B, 0x0E, 0xAB, 0x09, 0x4B, 0x00, 0x00, 0x00, 0x00, 0x00, 0x00, 0x00, 
        0x00, 0x00, 0x00, 0x00, 0x00, 0x00, 0xBC, 0x70, 0x1B, 0x00, 0xD2, 0x7A, 0x16, 0x00, 0xFF, 0xFF, 
        0x00, 0x00, 0xF1, 0x82, 0x06, 0x78, 0xF9, 0x82, 0x02, 0xFD, 0xF9, 0x7D, 0x00, 0xFF, 0xF9, 0x78, 
        0x02, 0xFF, 0xF8, 0x73, 0x04, 0xFF, 0xF6, 0x6D, 0x07, 0xFF, 0xF4, 0x67, 0x09, 0xFF, 0xF4, 0x63, 
        0x0D, 0xFF, 0xF2, 0x5F, 0x11, 0xFF, 0xF1, 0x5B, 0x14, 0xFF, 0xF1, 0x57, 0x19, 0xFF, 0xF1, 0x53, 
        0x1D, 0xFF, 0xEE, 0x4D, 0x21, 0xFF, 0xED, 0x49, 0x25, 0xFF, 0xED, 0x43, 0x2A, 0xFF, 0xEB, 0x3E, 
        0x30, 0xFF, 0xEA, 0x39, 0x35, 0xFF, 0xE8, 0x33, 0x3B, 0xFF, 0xE7, 0x2D, 0x41, 0xFF, 0xE7, 0x28, 
        0x47, 0xFF, 0xE7, 0x22, 0x4D, 0xFF, 0xE3, 0x1F, 0x53, 0xE3, 0xD2, 0x1E, 0x51, 0x35, 0xDB, 0x1F, 
        0x53, 0x00, 0xDC, 0x24, 0x54, 0x00, 0x00, 0x00, 0x00, 0x00, 0x00, 0x00, 0x00, 0x00, 0x00, 0x00, 
        0x00, 0x00, 0xCC, 0x56, 0x15, 0x00, 0xCC, 0x56, 0x15, 0x11, 0xEE, 0x5D, 0x06, 0xCF, 0xF7, 0x62, 
        0x01, 0xFF, 0xF8, 0x66, 0x00, 0xFF, 0xFA, 0x68, 0x00, 0xFF, 0xFA, 0x69, 0x00, 0xFF, 0xFA, 0x6C, 
        0x00, 0xFF, 0xF5, 0x6F, 0x04, 0xC2, 0xE3, 0x72, 0x19, 0x0B, 0xE5, 0x71, 0x18, 0x00, 0x00, 0x00, 
        0x00, 0x00, 0x00, 0x00, 0x00, 0x00, 0x00, 0x00, 0x00, 0x00, 0x00, 0x00, 0x00, 0x00, 0x00, 0x00, 
        0x00, 0x00, 0x00, 0x00, 0x00, 0x00, 0x00, 0x00, 0x00, 0x00, 0x00, 0x00, 0x00, 0x00, 0xB8, 0x07, 
        0x51, 0x00, 0xB8, 0x06, 0x51, 0x13, 0xD5, 0x01, 0x5A, 0xD0, 0xDC, 0x00, 0x5E, 0xFF, 0xDC, 0x00, 
        0x5F, 0xFF, 0xDC, 0x00, 0x5D, 0xFF, 0xDC, 0x00, 0x5B, 0xFF, 0xDC, 0x00, 0x5B, 0xFF, 0xD4, 0x02, 
        0x57, 0xC8, 0xAC, 0x09, 0x4D, 0x0E, 0xAC, 0x09, 0x4E, 0x00, 0x00, 0x00, 0x00, 0x00, 0x00, 0x00, 
        0x00, 0x00, 0x00, 0x00, 0x00, 0x00, 0x00, 0x00, 0x00, 0x00, 0xDC, 0x7D, 0x12, 0x00, 0xE5, 0x81, 
        0x0E, 0x00, 0xDD, 0x80, 0x11, 0x10, 0xF3, 0x82, 0x05, 0xB3, 0xF9, 0x81, 0x01, 0xFF, 0xF8, 0x7C, 
        0x01, 0xFF, 0xF9, 0x77, 0x02, 0xFF, 0xF8, 0x72, 0x04, 0xFF, 0xF6, 0x6D, 0x06, 0xFF, 0xF6, 0x68, 
        0x0A, 0xFF, 0xF4, 0x63, 0x0D, 0xFF, 0xF3, 0x5F, 0x11, 0xFF, 0xF2, 0x5C, 0x15, 0xFF, 0xF1, 0x57, 
        0x19, 0xFF, 0xF0, 0x53, 0x1D, 0xFF, 0xF0, 0x4E, 0x21, 0xFF, 0xEF, 0x49, 0x25, 0xFF, 0xED, 0x44, 
        0x2A, 0xFF, 0xEB, 0x3F, 0x2F, 0xFF, 0xEA, 0x39, 0x35, 0xFF, 0xE8, 0x33, 0x3B, 0xFF, 0xE7, 0x2E, 
        0x42, 0xFF, 0xE6, 0x28, 0x48, 0xFF, 0xE6, 0x22, 0x4E, 0xFF, 0xE0, 0x1F, 0x51, 0xB3, 0xC0, 0x20, 
        0x4E, 0x0F, 0xC7, 0x20, 0x4D, 0x00, 0xB9, 0x20, 0x43, 0x00, 0x00, 0x00, 0x00, 0x00, 0x00, 0x00, 
        0x00, 0x00, 0xCD, 0x55, 0x16, 0x00, 0xCD, 0x55, 0x16, 0x11, 0xEE, 0x5C, 0x07, 0xCF, 0xF6, 0x60, 
        0x02, 0xFF, 0xF8, 0x63, 0x00, 0xFF, 0xF9, 0x66, 0x00, 0xFF, 0xF9, 0x68, 0x01, 0xFF, 0xFA, 0x6A, 
        0x00, 0xFF, 0xF6, 0x6C, 0x04, 0xC2, 0xE4, 0x6F, 0x17, 0x0B, 0xE5, 0x6F, 0x17, 0x00, 0x00, 0x00, 
        0x00, 0x00, 0x00, 0x00, 0x00, 0x00, 0x00, 0x00, 0x00, 0x00, 0x00, 0x00, 0x00, 0x00, 0x00, 0x00, 
        0x00, 0x00, 0x00, 0x00, 0x00, 0x00, 0x00, 0x00, 0x00, 0x00, 0x00, 0x00, 0x00, 0x00, 0xB7, 0x06, 
        0x52, 0x00, 0xB8, 0x06, 0x52, 0x13, 0xD5, 0x01, 0x5A, 0xD0, 0xDC, 0x00, 0x5E, 0xFF, 0xDD, 0x00, 
        0x5F, 0xFF, 0xDC, 0x00, 0x5E, 0xFF, 0xDB, 0x00, 0x5C, 0xFF, 0xDC, 0x00, 0x5B, 0xFF, 0xD4, 0x02, 
        0x58, 0xC8, 0xAC, 0x08, 0x4E, 0x0E, 0xAC, 0x08, 0x4E, 0x00, 0x00, 0x00, 0x00, 0x00, 0x00, 0x00, 
        0x00, 0x00, 0x00, 0x00, 0x00, 0x00, 0x00, 0x00, 0x00, 0x00, 0x00, 0x00, 0x00, 0x00, 0xF4, 0x86, 
        0x09, 0x00, 0xF1, 0x84, 0x08, 0x00, 0xEA, 0x81, 0x0A, 0x32, 0xF6, 0x84, 0x04, 0xE0, 0xFA, 0x81, 
        0x01, 0xFF, 0xF9, 0x7D, 0x00, 0xFF, 0xF9, 0x78, 0x01, 0xFF, 0xF8, 0x72, 0x04, 0xFF, 0xF7, 0x6C, 
        0x07, 0xFF, 0xF6, 0x67, 0x0A, 0xFF, 0xF5, 0x63, 0x0E, 0xFF, 0xF3, 0x60, 0x11, 0xFF, 0xF2, 0x5C, 
        0x15, 0xFF, 0xF2, 0x58, 0x19, 0xFF, 0xF1, 0x54, 0x1C, 0xFF, 0xF0, 0x4F, 0x1F, 0xFF, 0xEF, 0x4B, 
        0x24, 0xFF, 0xEE, 0x45, 0x28, 0xFF, 0xEC, 0x3F, 0x2E, 0xFF, 0xEA, 0x3A, 0x34, 0xFF, 0xE8, 0x33, 
        0x3A, 0xFF, 0xE6, 0x2D, 0x40, 0xFF, 0xE6, 0x27, 0x46, 0xFF, 0xE4, 0x24, 0x4C, 0xFF, 0xD8, 0x22, 
        0x4D, 0x77, 0x3F, 0x1A, 0x1D, 0x01, 0xB9, 0x20, 0x42, 0x00, 0x00, 0x00, 0x00, 0x00, 0x00, 0x00, 
        0x00, 0x00, 0xCC, 0x53, 0x15, 0x00, 0xCD, 0x53, 0x15, 0x11, 0xEE, 0x59, 0x08, 0xCF, 0xF6, 0x5D, 
        0x03, 0xFF, 0xF6, 0x60, 0x01, 0xFF, 0xF7, 0x62, 0x00, 0xFF, 0xF7, 0x65, 0x00, 0xFF, 0xF8, 0x67, 
        0x00, 0xFF, 0xF5, 0x68, 0x04, 0xC3, 0xE2, 0x6A, 0x17, 0x0B, 0xE3, 0x6A, 0x17, 0x00, 0x00, 0x00, 
        0x00, 0x00, 0x00, 0x00, 0x00, 0x00, 0x00, 0x00, 0x00, 0x00, 0x00, 0x00, 0x00, 0x00, 0x00, 0x00, 
        0x00, 0x00, 0x00, 0x00, 0x00, 0x00, 0x00, 0x00, 0x00, 0x00, 0x00, 0x00, 0x00, 0x00, 0xB8, 0x07, 
        0x53, 0x00, 0xB9, 0x07, 0x53, 0x13, 0xD5, 0x01, 0x5B, 0xD0, 0xDC, 0x00, 0x5F, 0xFF, 0xDD, 0x00, 
        0x60, 0xFF, 0xDC, 0x00, 0x5F, 0xFF, 0xDC, 0x00, 0x5E, 0xFF, 0xDC, 0x00, 0x5B, 0xFF, 0xD4, 0x02, 
        0x58, 0xC8, 0xAB, 0x08, 0x4F, 0x0E, 0xAB, 0x08, 0x4E, 0x00, 0x00, 0x00, 0x00, 0x00, 0x00, 0x00, 
        0x00, 0x00, 0x00, 0x00, 0x00, 0x00, 0x00, 0x00, 0x00, 0x00, 0x00, 0x00, 0x00, 0x00, 0xB6, 0x6D, 
        0x17, 0x00, 0xB9, 0x74, 0x20, 0x00, 0xFF, 0x8F, 0x00, 0x00, 0xEE, 0x84, 0x08, 0x66, 0xF8, 0x84, 
        0x02, 0xF9, 0xF9, 0x81, 0x01, 0xFF, 0xFA, 0x7C, 0x01, 0xFF, 0xF9, 0x77, 0x02, 0xFF, 0xF8, 0x71, 
        0x04, 0xFF, 0xF6, 0x6C, 0x07, 0xFF, 0xF6, 0x67, 0x0A, 0xFF, 0xF5, 0x64, 0x0E, 0xFF, 0xF3, 0x60, 
        0x12, 0xFF, 0xF1, 0x5C, 0x16, 0xF4, 0xED, 0x57, 0x1C, 0xB9, 0xEC, 0x53, 0x1F, 0xB0, 0xEA, 0x4F, 
        0x23, 0xB0, 0xE9, 0x49, 0x27, 0xB0, 0xE7, 0x44, 0x2C, 0xB0, 0xE5, 0x3E, 0x31, 0xB1, 0xE2, 0x38, 
        0x36, 0xB1, 0xE2, 0x33, 0x3B, 0xB1, 0xE1, 0x2C, 0x42, 0xB1, 0xDF, 0x27, 0x46, 0xB4, 0xD6, 0x25, 
        0x4A, 0x98, 0xBB, 0x28, 0x48, 0x17, 0xBE, 0x28, 0x48, 0x00, 0x00, 0x00, 0x00, 0x00, 0x00, 0x00, 
        0x00, 0x00, 0xD1, 0x52, 0x15, 0x00, 0xD1, 0x52, 0x15, 0x11, 0xED, 0x58, 0x0A, 0xCF, 0xF4, 0x5B, 
        0x05, 0xFF, 0xF5, 0x5E, 0x02, 0xFF, 0xF6, 0x60, 0x01, 0xFF, 0xF6, 0x62, 0x00, 0xFF, 0xF8, 0x65, 
        0x00, 0xFF, 0xF3, 0x66, 0x04, 0xC3, 0xDE, 0x66, 0x19, 0x0B, 0xE0, 0x66, 0x18, 0x00, 0x00, 0x00, 
        0x00, 0x00, 0x00, 0x00, 0x00, 0x00, 0x00, 0x00, 0x00, 0x00, 0x00, 0x00, 0x00, 0x00, 0x00, 0x00, 
        0x00, 0x00, 0x00, 0x00, 0x00, 0x00, 0x00, 0x00, 0x00, 0x00, 0x00, 0x00, 0x00, 0x00, 0xB8, 0x07, 
        0x54, 0x00, 0xB9, 0x07, 0x54, 0x13, 0xD5, 0x01, 0x5D, 0xD0, 0xDD, 0x00, 0x60, 0xFF, 0xDC, 0x00, 
        0x60, 0xFF, 0xDC, 0x00, 0x5F, 0xFF, 0xDC, 0x00, 0x5F, 0xFF, 0xDD, 0x00, 0x5D, 0xFF, 0xD4, 0x02, 
        0x5A, 0xC8, 0xAB, 0x09, 0x4F, 0x0E, 0xAB, 0x09, 0x4F, 0x00, 0x00, 0x00, 0x00, 0x00, 0x00, 0x00, 
        0x00, 0x00, 0x00, 0x00, 0x00, 0x00, 0x00, 0x00, 0x00, 0x00, 0x00, 0x00, 0x00, 0x00, 0x00, 0x00, 
        0x00, 0x00, 0xD0, 0x7A, 0x16, 0x00, 0xDE, 0x81, 0x0F, 0x00, 0xD5, 0x7F, 0x14, 0x09, 0xF2, 0x85, 
        0x07, 0xA1, 0xF9, 0x85, 0x02, 0xFF, 0xFA, 0x80, 0x01, 0xFF, 0xF9, 0x7B, 0x01, 0xFF, 0xF9, 0x77, 
        0x01, 0xFF, 0xF7, 0x71, 0x04, 0xFF, 0xF6, 0x6B, 0x07, 0xFF, 0xF5, 0x66, 0x0B, 0xFF, 0xF4, 0x62, 
        0x0F, 0xFF, 0xF0, 0x5F, 0x13, 0xEC, 0xDE, 0x5C, 0x1B, 0x34, 0xA7, 0x5A, 0x75, 0x01, 0xCB, 0x55, 
        0x38, 0x04, 0xC5, 0x4E, 0x39, 0x04, 0xC3, 0x4C, 0x3A, 0x04, 0xBF, 0x48, 0x3A, 0x05, 0xBC, 0x41, 
        0x3A, 0x05, 0xBE, 0x3E, 0x3F, 0x05, 0xBC, 0x3B, 0x43, 0x05, 0xB7, 0x34, 0x47, 0x05, 0xBE, 0x31, 
        0x4A, 0x06, 0xB6, 0x34, 0x4E, 0x02, 0xBA, 0x34, 0x4F, 0x00, 0x00, 0x00, 0x00, 0x00, 0x00, 0x00, 
        0x00, 0x00, 0xD6, 0x51, 0x15, 0x00, 0xD6, 0x51, 0x15, 0x11, 0xED, 0x54, 0x0C, 0xCF, 0xF3, 0x58, 
        0x07, 0xFF, 0xF4, 0x5C, 0x05, 0xFF, 0xF5, 0x5E, 0x03, 0xFF, 0xF6, 0x60, 0x01, 0xFF, 0xF7, 0x62, 
        0x00, 0xFF, 0xF2, 0x63, 0x04, 0xC2, 0xDC, 0x63, 0x18, 0x0B, 0xDE, 0x64, 0x18, 0x00, 0x00, 0x00, 
        0x00, 0x00, 0x00, 0x00, 0x00, 0x00, 0x00, 0x00, 0x00, 0x00, 0x00, 0x00, 0x00, 0x00, 0x00, 0x00, 
        0x00, 0x00, 0x00, 0x00, 0x00, 0x00, 0x00, 0x00, 0x00, 0x00, 0x00, 0x00, 0x00, 0x00, 0xB8, 0x06, 
        0x54, 0x00, 0xB9, 0x06, 0x54, 0x13, 0xD5, 0x01, 0x5D, 0xD0, 0xDC, 0x00, 0x60, 0xFF, 0xDB, 0x00, 
        0x60, 0xFF, 0xDB, 0x00, 0x5F, 0xFF, 0xDC, 0x00, 0x5E, 0xFF, 0xDC, 0x00, 0x5E, 0xFF, 0xD4, 0x02, 
        0x5B, 0xC8, 0xAC, 0x09, 0x50, 0x0E, 0xAC, 0x09, 0x50, 0x00, 0x00, 0x00, 0x00, 0x00, 0x00, 0x00, 
        0x00, 0x00, 0x00, 0x00, 0x00, 0x00, 0x00, 0x00, 0x00, 0x00, 0x00, 0x00, 0x00, 0x00, 0x00, 0x00, 
        0x00, 0x00, 0x00, 0x00, 0x00, 0x00, 0xEA, 0x85, 0x0B, 0x00, 0xED, 0x86, 0x09, 0x00, 0xE7, 0x86, 
        0x0C, 0x24, 0xF6, 0x88, 0x04, 0xD3, 0xFB, 0x85, 0x01, 0xFF, 0xFA, 0x80, 0x00, 0xFF, 0xFA, 0x7C, 
        0x00, 0xFF, 0xF9, 0x76, 0x02, 0xFF, 0xF8, 0x70, 0x05, 0xFF, 0xF7, 0x6B, 0x08, 0xFF, 0xF6, 0x66, 
        0x0C, 0xFF, 0xF4, 0x62, 0x10, 0xFE, 0xE8, 0x5F, 0x15, 0x66, 0xF5, 0x63, 0x11, 0x00, 0xD7, 0x52, 
        0x33, 0x00, 0xD5, 0x4C, 0x36, 0x00, 0xD2, 0x48, 0x38, 0x00, 0xCE, 0x45, 0x38, 0x00, 0xCB, 0x3E, 
        0x3A, 0x00, 0xCB, 0x3A, 0x40, 0x00, 0xCA, 0x35, 0x45, 0x00, 0xC7, 0x2F, 0x49, 0x00, 0xC2, 0x2E, 
        0x4C, 0x00, 0xB2, 0x37, 0x51, 0x00, 0xB7, 0x37, 0x52, 0x00, 0x00, 0x00, 0x00, 0x00, 0x00, 0x00, 
        0x00, 0x00, 0xD4, 0x4E, 0x16, 0x00, 0xD5, 0x4D, 0x17, 0x11, 0xEC, 0x52, 0x0E, 0xCF, 0xF3, 0x55, 
        0x09, 0xFF, 0xF3, 0x59, 0x06, 0xFF, 0xF4, 0x5C, 0x04, 0xFF, 0xF5, 0x5D, 0x03, 0xFF, 0xF5, 0x60, 
        0x01, 0xFF, 0xF1, 0x61, 0x04, 0xC2, 0xDC, 0x61, 0x17, 0x0B, 0xDE, 0x62, 0x17, 0x00, 0x00, 0x00, 
        0x00, 0x00, 0x00, 0x00, 0x00, 0x00, 0x00, 0x00, 0x00, 0x00, 0x00, 0x00, 0x00, 0x00, 0x00, 0x00, 
        0x00, 0x00, 0x00, 0x00, 0x00, 0x00, 0x00, 0x00, 0x00, 0x00, 0x00, 0x00, 0x00, 0x00, 0xB7, 0x06, 
        0x54, 0x00, 0xB8, 0x06, 0x54, 0x13, 0xD4, 0x01, 0x5D, 0xD0, 0xDB, 0x00, 0x5F, 0xFF, 0xDB, 0x00, 
        0x5F, 0xFF, 0xDC, 0x00, 0x5F, 0xFF, 0xDC, 0x00, 0x5E, 0xFF, 0xDC, 0x00, 0x5E, 0xFF, 0xD4, 0x02, 
        0x5B, 0xC8, 0xAC, 0x09, 0x51, 0x0E, 0xAC, 0x09, 0x51, 0x00, 0x00, 0x00, 0x00, 0x00, 0x00, 0x00, 
        0x00, 0x00, 0x00, 0x00, 0x00, 0x00, 0x00, 0x00, 0x00, 0x00, 0x00, 0x00, 0x00, 0x00, 0x00, 0x00, 
        0x00, 0x00, 0x00, 0x00, 0x00, 0x00, 0x99, 0x58, 0x12, 0x00, 0x09, 0x35, 0x75, 0x00, 0xFF, 0x8C, 
        0x00, 0x00, 0xEF, 0x87, 0x07, 0x53, 0xF9, 0x88, 0x02, 0xF2, 0xFB, 0x84, 0x00, 0xFF, 0xFA, 0x80, 
        0x00, 0xFF, 0xF9, 0x7A, 0x00, 0xFF, 0xF9, 0x75, 0x02, 0xFF, 0xF8, 0x70, 0x05, 0xFF, 0xF7, 0x6A, 
        0x09, 0xFF, 0xF5, 0x66, 0x0C, 0xFF, 0xEF, 0x62, 0x13, 0xA5, 0xA2, 0x50, 0x30, 0x03, 0xC8, 0x58, 
        0x1F, 0x00, 0x00, 0x00, 0x00, 0x00, 0x00, 0x00, 0x00, 0x00, 0x00, 0x00, 0x00, 0x00, 0x00, 0x00, 
        0x00, 0x00, 0x00, 0x00, 0x00, 0x00, 0x00, 0x00, 0x00, 0x00, 0x00, 0x00, 0x00, 0x00, 0x00, 0x00, 
        0x00, 0x00, 0x00, 0x00, 0x00, 0x00, 0x00, 0x00, 0x00, 0x00, 0x00, 0x00, 0x00, 0x00, 0x00, 0x00, 
        0x00, 0x00, 0xD7, 0x4C, 0x19, 0x00, 0xD8, 0x4B, 0x19, 0x12, 0xED, 0x4F, 0x10, 0xCF, 0xF3, 0x53, 
        0x0B, 0xFF, 0xF3, 0x57, 0x08, 0xFF, 0xF4, 0x5A, 0x06, 0xFF, 0xF4, 0x5B, 0x04, 0xFF, 0xF4, 0x5C, 
        0x02, 0xFF, 0xF0, 0x5E, 0x05, 0xC3, 0xDC, 0x5F, 0x19, 0x0B, 0xDE, 0x5F, 0x18, 0x00, 0x00, 0x00, 
        0x00, 0x00, 0x00, 0x00, 0x00, 0x00, 0x00, 0x00, 0x00, 0x00, 0x00, 0x00, 0x00, 0x00, 0x00, 0x00, 
        0x00, 0x00, 0x00, 0x00, 0x00, 0x00, 0x00, 0x00, 0x00, 0x00, 0x00, 0x00, 0x00, 0x00, 0xB6, 0x06, 
        0x54, 0x00, 0xB7, 0x06, 0x54, 0x13, 0xD3, 0x01, 0x5C, 0xD0, 0xDB, 0x00, 0x60, 0xFF, 0xDC, 0x00, 
        0x60, 0xFF, 0xDC, 0x00, 0x5F, 0xFF, 0xDB, 0x00, 0x5F, 0xFF, 0xDB, 0x00, 0x5E, 0xFF, 0xD4, 0x02, 
        0x5B, 0xC9, 0xAC, 0x09, 0x51, 0x0E, 0xAC, 0x09, 0x51, 0x00, 0x00, 0x00, 0x00, 0x00, 0x00, 0x00, 
        0x00, 0x00, 0x00, 0x00, 0x00, 0x00, 0x00, 0x00, 0x00, 0x00, 0x00, 0x00, 0x00, 0x00, 0x00, 0x00, 
        0x00, 0x00, 0x00, 0x00, 0x00, 0x00, 0x00, 0x00, 0x00, 0x00, 0xCE, 0x7C, 0x17, 0x00, 0xDB, 0x82, 
        0x12, 0x00, 0xBB, 0x7A, 0x22, 0x04, 0xF2, 0x89, 0x07, 0x8E, 0xFA, 0x89, 0x01, 0xFF, 0xFB, 0x84, 
        0x01, 0xFF, 0xFA, 0x7F, 0x00, 0xFF, 0xF9, 0x7A, 0x01, 0xFF, 0xF8, 0x74, 0x03, 0xFF, 0xF8, 0x6F, 
        0x06, 0xFF, 0xF8, 0x6B, 0x0A, 0xFF, 0xF4, 0x67, 0x10, 0xD9, 0xDF, 0x62, 0x1A, 0x1C, 0xE0, 0x63, 
        0x1A, 0x00, 0x9B, 0x49, 0x0F, 0x00, 0x00, 0x00, 0x00, 0x00, 0x00, 0x00, 0x00, 0x00, 0x00, 0x00, 
        0x00, 0x00, 0x00, 0x00, 0x00, 0x00, 0x00, 0x00, 0x00, 0x00, 0x00, 0x00, 0x00, 0x00, 0x00, 0x00, 
        0x00, 0x00, 0x00, 0x00, 0x00, 0x00, 0x00, 0x00, 0x00, 0x00, 0x00, 0x00, 0x00, 0x00, 0x00, 0x00, 
        0x00, 0x00, 0xCC, 0x46, 0x1A, 0x00, 0xCC, 0x46, 0x1A, 0x11, 0xE9, 0x4B, 0x11, 0xCE, 0xF1, 0x50, 
        0x0D, 0xFF, 0xF2, 0x54, 0x0A, 0xFF, 0xF2, 0x58, 0x08, 0xFF, 0xF3, 0x59, 0x06, 0xFF, 0xF4, 0x5B, 
        0x03, 0xFF, 0xEF, 0x5B, 0x06, 0xC2, 0xDA, 0x5D, 0x19, 0x0B, 0xDC, 0x5D, 0x19, 0x00, 0x00, 0x00, 
        0x00, 0x00, 0x00, 0x00, 0x00, 0x00, 0x00, 0x00, 0x00, 0x00, 0x00, 0x00, 0x00, 0x00, 0x00, 0x00, 
        0x00, 0x00, 0x00, 0x00, 0x00, 0x00, 0x00, 0x00, 0x00, 0x00, 0x00, 0x00, 0x00, 0x00, 0xB7, 0x07, 
        0x55, 0x00, 0xB8, 0x07, 0x55, 0x13, 0xD3, 0x02, 0x5D, 0xD1, 0xDA, 0x00, 0x60, 0xFF, 0xDB, 0x00, 
        0x60, 0xFF, 0xDA, 0x00, 0x5F, 0xFF, 0xDB, 0x00, 0x61, 0xFF, 0xDB, 0x00, 0x60, 0xFF, 0xD4, 0x02, 
        0x5C, 0xC8, 0xAC, 0x09, 0x51, 0x0E, 0xAC, 0x09, 0x51, 0x00, 0x00, 0x00, 0x00, 0x00, 0x00, 0x00, 
        0x00, 0x00, 0x00, 0x00, 0x00, 0x00, 0x00, 0x00, 0x00, 0x00, 0x00, 0x00, 0x00, 0x00, 0x00, 0x00, 
        0x00, 0x00, 0x00, 0x00, 0x00, 0x00, 0x00, 0x00, 0x00, 0x00, 0x00, 0x00, 0x00, 0x00, 0xE2, 0x85, 
        0x10, 0x00, 0xE8, 0x88, 0x0C, 0x00, 0xE3, 0x87, 0x0E, 0x1A, 0xF4, 0x8A, 0x04, 0xC5, 0xFA, 0x88, 
        0x01, 0xFF, 0xFA, 0x83, 0x00, 0xFF, 0xFA, 0x7D, 0x00, 0xFF, 0xF9, 0x79, 0x01, 0xFF, 0xF9, 0x75, 
        0x03, 0xFF, 0xF8, 0x70, 0x06, 0xFF, 0xF6, 0x6B, 0x0B, 0xF7, 0xEA, 0x68, 0x12, 0x4A, 0xF0, 0x69, 
        0x0F, 0x00, 0xCB, 0x61, 0x1A, 0x00, 0x00, 0x00, 0x00, 0x00, 0x00, 0x00, 0x00, 0x00, 0x00, 0x00, 
        0x00, 0x00, 0x00, 0x00, 0x00, 0x00, 0x00, 0x00, 0x00, 0x00, 0x00, 0x00, 0x00, 0x00, 0x00, 0x00, 
        0x00, 0x00, 0x00, 0x00, 0x00, 0x00, 0x00, 0x00, 0x00, 0x00, 0x00, 0x00, 0x00, 0x00, 0x00, 0x00, 
        0x00, 0x00, 0xC4, 0x43, 0x1B, 0x00, 0xC5, 0x43, 0x1C, 0x11, 0xE7, 0x49, 0x13, 0xCE, 0xF0, 0x4D, 
        0x0F, 0xFF, 0xF1, 0x51, 0x0D, 0xFF, 0xF2, 0x54, 0x0A, 0xFF, 0xF3, 0x56, 0x07, 0xFF, 0xF4, 0x58, 
        0x05, 0xFF, 0xEF, 0x59, 0x07, 0xC2, 0xD9, 0x5B, 0x1A, 0x0B, 0xDB, 0x5B, 0x19, 0x00, 0x00, 0x00, 
        0x00, 0x00, 0x00, 0x00, 0x00, 0x00, 0x00, 0x00, 0x00, 0x00, 0x00, 0x00, 0x00, 0x00, 0x00, 0x00, 
        0x00, 0x00, 0x00, 0x00, 0x00, 0x00, 0x00, 0x00, 0x00, 0x00, 0x00, 0x00, 0x00, 0x00, 0xB6, 0x07, 
        0x54, 0x00, 0xB7, 0x07, 0x54, 0x13, 0xD3, 0x02, 0x5D, 0xD1, 0xDA, 0x00, 0x60, 0xFF, 0xDA, 0x00, 
        0x60, 0xFF, 0xDA, 0x00, 0x5F, 0xFF, 0xDB, 0x00, 0x61, 0xFF, 0xDB, 0x00, 0x60, 0xFF, 0xD3, 0x02, 
        0x5C, 0xC9, 0xAA, 0x09, 0x51, 0x0E, 0xAB, 0x09, 0x52, 0x00, 0x00, 0x00, 0x00, 0x00, 0x00, 0x00, 
        0x00, 0x00, 0x00, 0x00, 0x00, 0x00, 0x00, 0x00, 0x00, 0x00, 0x00, 0x00, 0x00, 0x00, 0x00, 0x00, 
        0x00, 0x00, 0x00, 0x00, 0x00, 0x00, 0x00, 0x00, 0x00, 0x00, 0x00, 0x00, 0x00, 0x00, 0x85, 0x47, 
        0x0E, 0x00, 0xFF, 0x99, 0x00, 0x00, 0xF5, 0x8D, 0x06, 0x00, 0xEB, 0x89, 0x0A, 0x42, 0xF8, 0x8B, 
        0x03, 0xEA, 0xFB, 0x87, 0x01, 0xFF, 0xFB, 0x83, 0x01, 0xFF, 0xFB, 0x7E, 0x00, 0xFF, 0xFB, 0x7A, 
        0x01, 0xFF, 0xF9, 0x75, 0x03, 0xFF, 0xF8, 0x70, 0x07, 0xFF, 0xF1, 0x6C, 0x0D, 0x89, 0xFF, 0x7F, 
        0x00, 0x00, 0xB9, 0x55, 0x1E, 0x00, 0x00, 0x00, 0x00, 0x00, 0x00, 0x00, 0x00, 0x00, 0x00, 0x00, 
        0x00, 0x00, 0x00, 0x00, 0x00, 0x00, 0x00, 0x00, 0x00, 0x00, 0x00, 0x00, 0x00, 0x00, 0x00, 0x00, 
        0x00, 0x00, 0x00, 0x00, 0x00, 0x00, 0x00, 0x00, 0x00, 0x00, 0x00, 0x00, 0x00, 0x00, 0x00, 0x00, 
        0x00, 0x00, 0xC4, 0x42, 0x1D, 0x00, 0xC4, 0x42, 0x1D, 0x11, 0xE6, 0x47, 0x16, 0xCE, 0xEF, 0x4B, 
        0x12, 0xFF, 0xF1, 0x4F, 0x0F, 0xFF, 0xF2, 0x51, 0x0B, 0xFF, 0xF1, 0x53, 0x09, 0xFF, 0xF3, 0x55, 
        0x07, 0xFF, 0xEF, 0x57, 0x0A, 0xC2, 0xD9, 0x59, 0x1B, 0x0B, 0xDA, 0x59, 0x1B, 0x00, 0x00, 0x00, 
        0x00, 0x00, 0x00, 0x00, 0x00, 0x00, 0x00, 0x00, 0x00, 0x00, 0x00, 0x00, 0x00, 0x00, 0x00, 0x00, 
        0x00, 0x00, 0x00, 0x00, 0x00, 0x00, 0x00, 0x00, 0x00, 0x00, 0x00, 0x00, 0x00, 0x00, 0xB5, 0x06, 
        0x53, 0x00, 0xB5, 0x06, 0x53, 0x13, 0xD4, 0x01, 0x5D, 0xD0, 0xDA, 0x00, 0x60, 0xFF, 0xDA, 0x01, 
        0x60, 0xFF, 0xDB, 0x01, 0x60, 0xFF, 0xDA, 0x00, 0x5F, 0xFF, 0xDB, 0x00, 0x5F, 0xFF, 0xD2, 0x02, 
        0x5D, 0xC9, 0xA8, 0x0A, 0x52, 0x0E, 0xA9, 0x09, 0x52, 0x00, 0x00, 0x00, 0x00, 0x00, 0x00, 0x00, 
        0x00, 0x00, 0x00, 0x00, 0x00, 0x00, 0x00, 0x00, 0x00, 0x00, 0x00, 0x00, 0x00, 0x00, 0x00, 0x00, 
        0x00, 0x00, 0x00, 0x00, 0x00, 0x00, 0x00, 0x00, 0x00, 0x00, 0x00, 0x00, 0x00, 0x00, 0x00, 0x00, 
        0x00, 0x00, 0xC0, 0x76, 0x15, 0x00, 0xD5, 0x82, 0x15, 0x00, 0x00, 0x00, 0xFF, 0x00, 0xF1, 0x8B, 
        0x07, 0x7A, 0xFA, 0x8C, 0x02, 0xFD, 0xFB, 0x88, 0x01, 0xFF, 0xFB, 0x83, 0x00, 0xFF, 0xFB, 0x7E, 
        0x00, 0xFF, 0xFA, 0x7A, 0x01, 0xFF, 0xFA, 0x75, 0x03, 0xFF, 0xF4, 0x71, 0x08, 0xC5, 0xDD, 0x6C, 
        0x15, 0x0F, 0xDF, 0x6D, 0x13, 0x00, 0x40, 0x00, 0x00, 0x00, 0x00, 0x00, 0x00, 0x00, 0x00, 0x00, 
        0x00, 0x00, 0x00, 0x00, 0x00, 0x00, 0x00, 0x00, 0x00, 0x00, 0x00, 0x00, 0x00, 0x00, 0x00, 0x00, 
        0x00, 0x00, 0x00, 0x00, 0x00, 0x00, 0x00, 0x00, 0x00, 0x00, 0x00, 0x00, 0x00, 0x00, 0x00, 0x00, 
        0x00, 0x00, 0xC3, 0x41, 0x1F, 0x00, 0xC3, 0x41, 0x1F, 0x11, 0xE5, 0x46, 0x18, 0xCE, 0xED, 0x49, 
        0x14, 0xFF, 0xEF, 0x4C, 0x11, 0xFF, 0xF0, 0x4E, 0x0D, 0xFF, 0xF0, 0x51, 0x0B, 0xFF, 0xF2, 0x53, 
        0x09, 0xFF, 0xEF, 0x54, 0x0B, 0xC2, 0xD8, 0x56, 0x1D, 0x0B, 0xD9, 0x56, 0x1C, 0x00, 0x00, 0x00, 
        0x00, 0x00, 0x00, 0x00, 0x00, 0x00, 0x00, 0x00, 0x00, 0x00, 0x00, 0x00, 0x00, 0x00, 0x00, 0x00, 
        0x00, 0x00, 0x00, 0x00, 0x00, 0x00, 0x00, 0x00, 0x00, 0x00, 0x00, 0x00, 0x00, 0x00, 0xB4, 0x07, 
        0x53, 0x00, 0xB5, 0x06, 0x53, 0x13, 0xD3, 0x01, 0x5D, 0xD0, 0xDB, 0x00, 0x60, 0xFF, 0xDB, 0x00, 
        0x60, 0xFF, 0xDB, 0x00, 0x60, 0xFF, 0xDB, 0x01, 0x60, 0xFF, 0xDB, 0x00, 0x60, 0xFF, 0xD2, 0x02, 
        0x5D, 0xC9, 0xAC, 0x0A, 0x51, 0x0E, 0xAC, 0x09, 0x51, 0x00, 0x00, 0x00, 0x00, 0x00, 0x00, 0x00, 
        0x00, 0x00, 0x00, 0x00, 0x00, 0x00, 0x00, 0x00, 0x00, 0x00, 0x00, 0x00, 0x00, 0x00, 0x00, 0x00, 
        0x00, 0x00, 0x00, 0x00, 0x00, 0x00, 0x00, 0x00, 0x00, 0x00, 0x00, 0x00, 0x00, 0x00, 0x00, 0x00, 
        0x00, 0x00, 0x00, 0x00, 0x00, 0x00, 0xDE, 0x85, 0x12, 0x00, 0xE4, 0x88, 0x10, 0x00, 0xDC, 0x87, 
        0x15, 0x10, 0xF4, 0x8D, 0x06, 0xB3, 0xFB, 0x8C, 0x01, 0xFF, 0xFC, 0x89, 0x00, 0xFF, 0xFC, 0x84, 
        0x00, 0xFF, 0xFB, 0x7F, 0x00, 0xFF, 0xFA, 0x7A, 0x00, 0xFF, 0xF7, 0x76, 0x05, 0xEE, 0xEA, 0x73, 
        0x0D, 0x36, 0xED, 0x75, 0x0B, 0x00, 0xBC, 0x68, 0x1B, 0x00, 0x00, 0x00, 0x00, 0x00, 0x00, 0x00, 
        0x00, 0x00, 0x00, 0x00, 0x00, 0x00, 0x00, 0x00, 0x00, 0x00, 0x00, 0x00, 0x00, 0x00, 0x00, 0x00, 
        0x00, 0x00, 0x00, 0x00, 0x00, 0x00, 0x00, 0x00, 0x00, 0x00, 0x00, 0x00, 0x00, 0x00, 0x00, 0x00, 
        0x00, 0x00, 0xC4, 0x3F, 0x1E, 0x00, 0xC5, 0x3F, 0x1F, 0x11, 0xE4, 0x43, 0x18, 0xCE, 0xEC, 0x46, 
        0x14, 0xFF, 0xEE, 0x48, 0x12, 0xFF, 0xEF, 0x4B, 0x10, 0xFF, 0xF0, 0x4F, 0x0E, 0xFF, 0xF2, 0x51, 
        0x0C, 0xFF, 0xEE, 0x52, 0x0D, 0xC3, 0xD7, 0x55, 0x1E, 0x0B, 0xD8, 0x55, 0x1E, 0x00, 0x00, 0x00, 
        0x00, 0x00, 0x00, 0x00, 0x00, 0x00, 0x00, 0x00, 0x00, 0x00, 0x00, 0x00, 0x00, 0x00, 0x00, 0x00, 
        0x00, 0x00, 0x00, 0x00, 0x00, 0x00, 0x00, 0x00, 0x00, 0x00, 0x00, 0x00, 0x00, 0x00, 0xB4, 0x07, 
        0x51, 0x00, 0xB5, 0x07, 0x52, 0x13, 0xD3, 0x01, 0x5D, 0xD0, 0xDA, 0x00, 0x61, 0xFF, 0xDB, 0x00, 
        0x61, 0xFF, 0xDB, 0x00, 0x61, 0xFF, 0xDB, 0x00, 0x61, 0xFF, 0xDB, 0x00, 0x61, 0xFF, 0xD4, 0x02, 
        0x5D, 0xD2, 0xB6, 0x09, 0x52, 0x14, 0xB6, 0x09, 0x52, 0x00, 0x7E, 0x08, 0x3E, 0x00, 0x00, 0x00, 
        0x00, 0x00, 0x00, 0x00, 0x00, 0x00, 0x00, 0x00, 0x00, 0x00, 0x00, 0x00, 0x00, 0x00, 0x00, 0x00, 
        0x00, 0x00, 0x00, 0x00, 0x00, 0x00, 0x00, 0x00, 0x00, 0x00, 0x00, 0x00, 0x00, 0x00, 0x00, 0x00, 
        0x00, 0x00, 0x00, 0x00, 0x00, 0x00, 0x60, 0x40, 0x00, 0x00, 0xF3, 0x90, 0x0E, 0x00, 0xF3, 0x8E, 
        0x09, 0x00, 0xEC, 0x8C, 0x0A, 0x32, 0xF8, 0x8F, 0x03, 0xDF, 0xFC, 0x8D, 0x00, 0xFF, 0xFD, 0x89, 
        0x00, 0xFF, 0xFC, 0x84, 0x00, 0xFF, 0xFA, 0x7F, 0x00, 0xFF, 0xF9, 0x7A, 0x03, 0xFF, 0xEF, 0x78, 
        0x0A, 0x71, 0xFF, 0x7D, 0x00, 0x00, 0xFF, 0xFE, 0x00, 0x00, 0x00, 0x00, 0x00, 0x00, 0x00, 0x00, 
        0x00, 0x00, 0x00, 0x00, 0x00, 0x00, 0x00, 0x00, 0x00, 0x00, 0x00, 0x00, 0x00, 0x00, 0x00, 0x00, 
        0x00, 0x00, 0x00, 0x00, 0x00, 0x00, 0x00, 0x00, 0x00, 0x00, 0x00, 0x00, 0x00, 0x00, 0x76, 0x22, 
        0x0B, 0x00, 0xD0, 0x3E, 0x1F, 0x00, 0xD0, 0x3E, 0x1F, 0x15, 0xE7, 0x41, 0x19, 0xD4, 0xEC, 0x44, 
        0x16, 0xFF, 0xED, 0x46, 0x14, 0xFF, 0xEE, 0x49, 0x12, 0xFF, 0xF0, 0x4C, 0x10, 0xFF, 0xF0, 0x4E, 
        0x0E, 0xFF, 0xEC, 0x51, 0x10, 0xC3, 0xD4, 0x53, 0x1C, 0x0B, 0xD6, 0x52, 0x1C, 0x00, 0x00, 0x00, 
        0x00, 0x00, 0x00, 0x00, 0x00, 0x00, 0x00, 0x00, 0x00, 0x00, 0x00, 0x00, 0x00, 0x00, 0x00, 0x00, 
        0x00, 0x00, 0x00, 0x00, 0x00, 0x00, 0x00, 0x00, 0x00, 0x00, 0x00, 0x00, 0x00, 0x00, 0xAE, 0x06, 
        0x4E, 0x00, 0xAE, 0x06, 0x4F, 0x10, 0xD1, 0x01, 0x5D, 0xCB, 0xDA, 0x00, 0x61, 0xFF, 0xDB, 0x00, 
        0x61, 0xFF, 0xDB, 0x00, 0x61, 0xFF, 0xDB, 0x00, 0x61, 0xFF, 0xDB, 0x00, 0x61, 0xFF, 0xD7, 0x01, 
        0x5F, 0xF1, 0xC4, 0x06, 0x58, 0x3F, 0xCB, 0x05, 0x5B, 0x00, 0xCD, 0x08, 0x5C, 0x00, 0x7E, 0x05, 
        0x3F, 0x00, 0x00, 0x00, 0x00, 0x00, 0x00, 0x00, 0x00, 0x00, 0x00, 0x00, 0x00, 0x00, 0x00, 0x00, 
        0x00, 0x00, 0x00, 0x00, 0x00, 0x00, 0x00, 0x00, 0x00, 0x00, 0x00, 0x00, 0x00, 0x00, 0x00, 0x00, 
        0x00, 0x00, 0x00, 0x00, 0x00, 0x00, 0x00, 0x00, 0x00, 0x00, 0xA5, 0x67, 0x11, 0x00, 0xBD, 0x7D, 
        0x20, 0x00, 0xFF, 0x9E, 0x00, 0x00, 0xEF, 0x8F, 0x09, 0x63, 0xFA, 0x91, 0x02, 0xF8, 0xFC, 0x8E, 
        0x00, 0xFF, 0xFB, 0x88, 0x00, 0xFF, 0xFB, 0x83, 0x01, 0xFF, 0xFA, 0x7F, 0x01, 0xFF, 0xF4, 0x7D, 
        0x07, 0xB0, 0xCE, 0x73, 0x1C, 0x06, 0xD9, 0x76, 0x14, 0x00, 0x00, 0x00, 0x00, 0x00, 0x00, 0x00, 
        0x00, 0x00, 0x00, 0x00, 0x00, 0x00, 0x00, 0x00, 0x00, 0x00, 0x00, 0x00, 0x00, 0x00, 0x00, 0x00, 
        0x00, 0x00, 0x00, 0x00, 0x00, 0x00, 0x00, 0x00, 0x00, 0x00, 0x8D, 0x1C, 0x1E, 0x00, 0xDC, 0x38, 
        0x2A, 0x00, 0xDD, 0x3A, 0x22, 0x00, 0xD9, 0x3B, 0x21, 0x35, 0xE8, 0x3E, 0x1C, 0xED, 0xEC, 0x42, 
        0x18, 0xFF, 0xED, 0x44, 0x16, 0xFF, 0xEE, 0x47, 0x14, 0xFF, 0xEE, 0x49, 0x11, 0xFF, 0xEF, 0x4B, 
        0x10, 0xFF, 0xEB, 0x4E, 0x12, 0xC0, 0xD0, 0x4E, 0x1D, 0x0A, 0xD3, 0x4E, 0x1D, 0x00, 0x00, 0x00, 
        0x00, 0x00, 0x00, 0x00, 0x00, 0x00, 0x00, 0x00, 0x00, 0x00, 0x00, 0x00, 0x00, 0x00, 0x00, 0x00, 
        0x00, 0x00, 0x00, 0x00, 0x00, 0x00, 0x00, 0x00, 0x00, 0x00, 0x00, 0x00, 0x00, 0x00, 0xA6, 0x08, 
        0x49, 0x00, 0x97, 0x0C, 0x42, 0x06, 0xCF, 0x03, 0x5C, 0xB3, 0xD9, 0x01, 0x61, 0xFF, 0xDB, 0x00, 
        0x61, 0xFF, 0xDB, 0x00, 0x61, 0xFF, 0xDB, 0x00, 0x61, 0xFF, 0xDA, 0x00, 0x60, 0xFF, 0xDA, 0x01, 
        0x60, 0xFF, 0xD2, 0x03, 0x5F, 0xAF, 0xB4, 0x0C, 0x55, 0x11, 0xCB, 0x06, 0x5C, 0x00, 0xB0, 0x09, 
        0x53, 0x00, 0x9A, 0x05, 0x47, 0x00, 0x98, 0x05, 0x43, 0x00, 0x97, 0x05, 0x41, 0x00, 0x98, 0x06, 
        0x3F, 0x00, 0x99, 0x06, 0x3E, 0x00, 0x9A, 0x06, 0x3D, 0x00, 0x98, 0x06, 0x3A, 0x00, 0x97, 0x07, 
        0x37, 0x00, 0x97, 0x08, 0x36, 0x00, 0x97, 0x08, 0x35, 0x00, 0x98, 0x09, 0x33, 0x00, 0x97, 0x06, 
        0x35, 0x00, 0xD0, 0x72, 0x18, 0x00, 0xD4, 0x8F, 0x15, 0x08, 0xF4, 0x92, 0x07, 0x9D, 0xFA, 0x92, 
        0x02, 0xFF, 0xFB, 0x8E, 0x01, 0xFF, 0xFC, 0x89, 0x00, 0xFF, 0xFB, 0x85, 0x00, 0xFF, 0xF8, 0x82, 
        0x03, 0xE2, 0xEA, 0x7F, 0x0D, 0x24, 0xEB, 0x7F, 0x0C, 0x00, 0xA4, 0x1C, 0x2B, 0x00, 0xA1, 0x19, 
        0x28, 0x00, 0xA2, 0x1D, 0x29, 0x00, 0xA6, 0x1D, 0x2B, 0x00, 0xAB, 0x1E, 0x29, 0x00, 0xAC, 0x1F, 
        0x29, 0x00, 0xA9, 0x21, 0x25, 0x00, 0xA6, 0x21, 0x23, 0x00, 0xBA, 0x29, 0x2D, 0x00, 0xD8, 0x31, 
        0x2A, 0x00, 0xC4, 0x35, 0x2D, 0x08, 0xE5, 0x3A, 0x21, 0x9B, 0xEA, 0x3C, 0x1D, 0xFF, 0xEB, 0x40, 
        0x1B, 0xFF, 0xED, 0x43, 0x18, 0xFF, 0xEE, 0x45, 0x16, 0xFF, 0xED, 0x47, 0x13, 0xFF, 0xEE, 0x49, 
        0x12, 0xFF, 0xE9, 0x4A, 0x14, 0xAC, 0xB0, 0x45, 0x24, 0x04, 0xC5, 0x45, 0x1D, 0x00, 0x00, 0x00, 
        0x00, 0x00, 0x00, 0x00, 0x00, 0x00, 0x00, 0x00, 0x00, 0x00, 0x00, 0x00, 0x00, 0x00, 0x00, 0x00, 
        0x00, 0x00, 0x00, 0x00, 0x00, 0x00, 0x00, 0x00, 0x00, 0x00, 0x00, 0x00, 0x00, 0x00, 0x75, 0x09, 
        0x32, 0x00, 0xFF, 0x00, 0x77, 0x00, 0xCC, 0x04, 0x5B, 0x82, 0xD9, 0x01, 0x60, 0xFF, 0xDB, 0x00, 
        0x61, 0xFF, 0xDB, 0x00, 0x61, 0xFF, 0xD9, 0x00, 0x60, 0xFF, 0xD9, 0x00, 0x60, 0xFF, 0xDA, 0x01, 
        0x60, 0xFF, 0xDA, 0x01, 0x61, 0xFD, 0xD2, 0x03, 0x5F, 0xA6, 0xC7, 0x07, 0x5C, 0x2D, 0xAC, 0x0A, 
        0x52, 0x09, 0x77, 0x0C, 0x3E, 0x04, 0x6C, 0x0C, 0x37, 0x03, 0x6A, 0x0D, 0x30, 0x03, 0x69, 0x0E, 
        0x2D, 0x03, 0x6B, 0x0F, 0x2E, 0x03, 0x6C, 0x10, 0x2F, 0x03, 0x69, 0x0E, 0x2C, 0x03, 0x66, 0x0F, 
        0x26, 0x03, 0x64, 0x11, 0x24, 0x03, 0x64, 0x11, 0x23, 0x03, 0x66, 0x10, 0x22, 0x03, 0x66, 0x10, 
        0x25, 0x03, 0x65, 0x14, 0x25, 0x03, 0x00, 0x00, 0x9C, 0x00, 0xDC, 0x86, 0x0E, 0x25, 0xF5, 0x93, 
        0x04, 0xD2, 0xFB, 0x93, 0x01, 0xFF, 0xFC, 0x8F, 0x01, 0xFF, 0xFC, 0x8A, 0x00, 0xFF, 0xFC, 0x87, 
        0x02, 0xFC, 0xF1, 0x84, 0x0A, 0x59, 0xFF, 0x93, 0x00, 0x00, 0x83, 0x20, 0x2B, 0x02, 0x64, 0x19, 
        0x24, 0x02, 0x5D, 0x1E, 0x28, 0x02, 0x58, 0x1E, 0x2E, 0x02, 0x53, 0x1A, 0x2B, 0x02, 0x53, 0x19, 
        0x2C, 0x02, 0x59, 0x1E, 0x23, 0x02, 0x5B, 0x1C, 0x23, 0x02, 0xB3, 0x28, 0x30, 0x06, 0xD4, 0x2F, 
        0x2B, 0x26, 0xE0, 0x34, 0x25, 0x94, 0xEA, 0x39, 0x22, 0xF9, 0xEB, 0x3B, 0x20, 0xFF, 0xEB, 0x3D, 
        0x1C, 0xFF, 0xEC, 0x40, 0x19, 0xFF, 0xED, 0x42, 0x18, 0xFF, 0xED, 0x44, 0x16, 0xFF, 0xED, 0x46, 
        0x15, 0xFF, 0xE4, 0x47, 0x17, 0x81, 0xFF, 0x49, 0x0F, 0x00, 0x9A, 0x35, 0x1E, 0x00, 0x00, 0x00, 
        0x00, 0x00, 0x00, 0x00, 0x00, 0x00, 0x00, 0x00, 0x00, 0x00, 0x00, 0x00, 0x00, 0x00, 0x00, 0x00, 
        0x00, 0x00, 0x00, 0x00, 0x00, 0x00, 0x00, 0x00, 0x00, 0x00, 0x00, 0x00, 0x00, 0x00, 0x85, 0x09, 
        0x3A, 0x00, 0xCC, 0x04, 0x5B, 0x00, 0xC6, 0x04, 0x59, 0x3E, 0xD6, 0x01, 0x60, 0xF1, 0xDA, 0x00, 
        0x62, 0xFF, 0xDB, 0x00, 0x61, 0xFF, 0xDA, 0x00, 0x61, 0xFF, 0xDA, 0x00, 0x60, 0xFF, 0xDA, 0x00, 
        0x60, 0xFF, 0xDB, 0x00, 0x61, 0xFF, 0xDB, 0x01, 0x62, 0xFF, 0xD7, 0x02, 0x61, 0xE6, 0xD4, 0x02, 
        0x5F, 0xBC, 0xD2, 0x02, 0x5D, 0xAD, 0xD0, 0x02, 0x5C, 0xAC, 0xD0, 0x02, 0x5B, 0xAC, 0xD0, 0x02, 
        0x59, 0xAB, 0xD1, 0x03, 0x57, 0xAB, 0xD1, 0x03, 0x55, 0xAB, 0xD1, 0x04, 0x53, 0xAB, 0xD0, 0x06, 
        0x50, 0xAA, 0xD0, 0x08, 0x4D, 0xAA, 0xD1, 0x09, 0x4C, 0xAA, 0xD2, 0x0B, 0x4A, 0xAB, 0xD3, 0x0D, 
        0x4A, 0xAA, 0xD3, 0x10, 0x46, 0xAA, 0xD3, 0x11, 0x43, 0xAA, 0xD2, 0x10, 0x3F, 0xA8, 0xE3, 0x47, 
        0x27, 0xDA, 0xFA, 0x90, 0x07, 0xFF, 0xFC, 0x94, 0x01, 0xFF, 0xFC, 0x8F, 0x00, 0xFF, 0xFD, 0x8B, 
        0x01, 0xFF, 0xF5, 0x89, 0x06, 0x9A, 0xAC, 0x2C, 0x39, 0x0C, 0xD4, 0x23, 0x36, 0x85, 0xD9, 0x22, 
        0x34, 0xAA, 0xD9, 0x24, 0x34, 0xA7, 0xDB, 0x26, 0x34, 0xA6, 0xDE, 0x27, 0x32, 0xA4, 0xDF, 0x29, 
        0x31, 0xA4, 0xE0, 0x2B, 0x30, 0xA5, 0xE0, 0x2C, 0x2E, 0xA6, 0xE3, 0x2E, 0x2B, 0xB6, 0xE5, 0x30, 
        0x29, 0xE0, 0xE9, 0x33, 0x25, 0xFF, 0xEB, 0x36, 0x23, 0xFF, 0xEB, 0x39, 0x21, 0xFF, 0xEB, 0x3B, 
        0x1E, 0xFF, 0xEC, 0x3D, 0x1C, 0xFF, 0xED, 0x3F, 0x19, 0xFF, 0xED, 0x41, 0x18, 0xFF, 0xEA, 0x43, 
        0x17, 0xF3, 0xDD, 0x44, 0x1B, 0x42, 0xE2, 0x44, 0x1A, 0x00, 0xA7, 0x3A, 0x1E, 0x00, 0x00, 0x00, 
        0x00, 0x00, 0x00, 0x00, 0x00, 0x00, 0x00, 0x00, 0x00, 0x00, 0x00, 0x00, 0x00, 0x00, 0x00, 0x00, 
        0x00, 0x00, 0x00, 0x00, 0x00, 0x00, 0x00, 0x00, 0x00, 0x00, 0x00, 0x00, 0x00, 0x00, 0x65, 0x04, 
        0x25, 0x00, 0xB2, 0x08, 0x4E, 0x00, 0xA7, 0x0A, 0x49, 0x09, 0xCE, 0x03, 0x5D, 0xAF, 0xD9, 0x01, 
        0x61, 0xFF, 0xDB, 0x01, 0x62, 0xFF, 0xDA, 0x00, 0x61, 0xFF, 0xDB, 0x00, 0x61, 0xFF, 0xDB, 0x00, 
        0x61, 0xFF, 0xDB, 0x00, 0x61, 0xFF, 0xDB, 0x01, 0x62, 0xFF, 0xDB, 0x00, 0x62, 0xFF, 0xDC, 0x00, 
        0x61, 0xFF, 0xDD, 0x00, 0x61, 0xFF, 0xDC, 0x00, 0x60, 0xFF, 0xDD, 0x00, 0x5F, 0xFF, 0xDC, 0x00, 
        0x5E, 0xFF, 0xDC, 0x01, 0x5C, 0xFF, 0xDC, 0x01, 0x5A, 0xFF, 0xDC, 0x02, 0x57, 0xFF, 0xDD, 0x04, 
        0x55, 0xFF, 0xDD, 0x06, 0x53, 0xFF, 0xDE, 0x07, 0x52, 0xFF, 0xDE, 0x09, 0x50, 0xFF, 0xDF, 0x0B, 
        0x4E, 0xFF, 0xDF, 0x0D, 0x4B, 0xFF, 0xDF, 0x0E, 0x48, 0xFF, 0xDE, 0x11, 0x44, 0xFF, 0xE0, 0x16, 
        0x3F, 0xFF, 0xEE, 0x5E, 0x1F, 0xFF, 0xFB, 0x97, 0x02, 0xFF, 0xFC, 0x93, 0x01, 0xFF, 0xFD, 0x90, 
        0x01, 0xFF, 0xF8, 0x8E, 0x05, 0xD4, 0xDD, 0x80, 0x14, 0x1A, 0xDA, 0x1F, 0x37, 0x9E, 0xE2, 0x20, 
        0x37, 0xFF, 0xE4, 0x23, 0x36, 0xFF, 0xE4, 0x25, 0x34, 0xFF, 0xE5, 0x26, 0x33, 0xFF, 0xE7, 0x29, 
        0x31, 0xFF, 0xE7, 0x2B, 0x30, 0xFF, 0xE8, 0x2C, 0x2E, 0xFF, 0xE8, 0x2D, 0x2B, 0xFF, 0xE9, 0x2F, 
        0x29, 0xFF, 0xE9, 0x31, 0x28, 0xFF, 0xEB, 0x34, 0x25, 0xFF, 0xEB, 0x37, 0x23, 0xFF, 0xEA, 0x38, 
        0x20, 0xFF, 0xEB, 0x3B, 0x1D, 0xFF, 0xEC, 0x3D, 0x1B, 0xFF, 0xEC, 0x40, 0x1A, 0xFF, 0xE7, 0x41, 
        0x1C, 0xB7, 0xD1, 0x42, 0x23, 0x0C, 0xD6, 0x41, 0x22, 0x00, 0x72, 0x19, 0x08, 0x00, 0x00, 0x00, 
        0x00, 0x00, 0x00, 0x00, 0x00, 0x00, 0x00, 0x00, 0x00, 0x00, 0x00, 0x00, 0x00, 0x00, 0x00, 0x00, 
        0x00, 0x00, 0x00, 0x00, 0x00, 0x00, 0x00, 0x00, 0x00, 0x00, 0x00, 0x00, 0x00, 0x00, 0x00, 0x00, 
        0x00, 0x00, 0xC6, 0x06, 0x59, 0x00, 0xCE, 0x04, 0x5C, 0x00, 0xC4, 0x05, 0x58, 0x3E, 0xD4, 0x02, 
        0x60, 0xEA, 0xDA, 0x01, 0x62, 0xFF, 0xD9, 0x00, 0x62, 0xFF, 0xDA, 0x00, 0x62, 0xFF, 0xDB, 0x00, 
        0x62, 0xFF, 0xDB, 0x00, 0x61, 0xFF, 0xDB, 0x00, 0x61, 0xFF, 0xDB, 0x00, 0x61, 0xFF, 0xDC, 0x00, 
        0x60, 0xFF, 0xDC, 0x00, 0x60, 0xFF, 0xDC, 0x00, 0x60, 0xFF, 0xDC, 0x00, 0x5F, 0xFF, 0xDC, 0x00, 
        0x5E, 0xFF, 0xDC, 0x00, 0x5D, 0xFF, 0xDC, 0x00, 0x5B, 0xFF, 0xDC, 0x01, 0x5A, 0xFF, 0xDC, 0x03, 
        0x58, 0xFF, 0xDD, 0x05, 0x56, 0xFF, 0xDE, 0x06, 0x54, 0xFF, 0xDF, 0x08, 0x52, 0xFF, 0xDF, 0x09, 
        0x50, 0xFF, 0xE0, 0x0B, 0x4E, 0xFF, 0xDF, 0x0D, 0x4A, 0xFF, 0xDF, 0x10, 0x47, 0xFF, 0xDF, 0x11, 
        0x46, 0xFF, 0xE1, 0x21, 0x3D, 0xFF, 0xF4, 0x79, 0x15, 0xFF, 0xFD, 0x99, 0x02, 0xFF, 0xFD, 0x95, 
        0x01, 0xFF, 0xFB, 0x93, 0x03, 0xF7, 0xF0, 0x94, 0x09, 0x44, 0xD2, 0x18, 0x3A, 0x54, 0xE0, 0x1F, 
        0x39, 0xFB, 0xE4, 0x22, 0x39, 0xFF, 0xE4, 0x24, 0x37, 0xFF, 0xE5, 0x25, 0x35, 0xFF, 0xE7, 0x27, 
        0x33, 0xFF, 0xE6, 0x28, 0x32, 0xFF, 0xE6, 0x2A, 0x30, 0xFF, 0xE8, 0x2C, 0x2E, 0xFF, 0xE9, 0x2D, 
        0x2C, 0xFF, 0xE8, 0x2F, 0x2A, 0xFF, 0xE8, 0x32, 0x27, 0xFF, 0xE9, 0x34, 0x25, 0xFF, 0xE9, 0x35, 
        0x22, 0xFF, 0xEA, 0x38, 0x20, 0xFF, 0xEC, 0x3B, 0x1F, 0xFF, 0xE9, 0x3D, 0x1D, 0xEE, 0xDF, 0x3F, 
        0x1E, 0x47, 0xE8, 0x3E, 0x1C, 0x00, 0xF3, 0x41, 0x1E, 0x00, 0x00, 0x00, 0x00, 0x00, 0x00, 0x00, 
        0x00, 0x00, 0x00, 0x00, 0x00, 0x00, 0x00, 0x00, 0x00, 0x00, 0x00, 0x00, 0x00, 0x00, 0x00, 0x00, 
        0x00, 0x00, 0x00, 0x00, 0x00, 0x00, 0x00, 0x00, 0x00, 0x00, 0x00, 0x00, 0x00, 0x00, 0x00, 0x00, 
        0x00, 0x00, 0x7E, 0x03, 0x36, 0x00, 0xA3, 0x08, 0x4E, 0x00, 0x00, 0x41, 0x00, 0x00, 0xC9, 0x05, 
        0x5C, 0x70, 0xD6, 0x01, 0x61, 0xF8, 0xD9, 0x00, 0x63, 0xFF, 0xDA, 0x00, 0x63, 0xFF, 0xDB, 0x00, 
        0x62, 0xFF, 0xDB, 0x00, 0x61, 0xFF, 0xDB, 0x00, 0x61, 0xFF, 0xDB, 0x00, 0x61, 0xFF, 0xDB, 0x00, 
        0x61, 0xFF, 0xDB, 0x00, 0x61, 0xFF, 0xDB, 0x00, 0x61, 0xFF, 0xDB, 0x01, 0x60, 0xFF, 0xDA, 0x00, 
        0x5F, 0xFF, 0xDB, 0x01, 0x5F, 0xFF, 0xDC, 0x00, 0x5E, 0xFF, 0xDD, 0x00, 0x5C, 0xFF, 0xDC, 0x01, 
        0x59, 0xFF, 0xDC, 0x03, 0x57, 0xFF, 0xDE, 0x05, 0x56, 0xFF, 0xDE, 0x06, 0x54, 0xFF, 0xDE, 0x07, 
        0x51, 0xFF, 0xDF, 0x0A, 0x50, 0xFF, 0xDF, 0x0C, 0x4C, 0xFF, 0xDF, 0x0D, 0x4A, 0xFF, 0xE0, 0x0F, 
        0x49, 0xFF, 0xDE, 0x11, 0x46, 0xFF, 0xE4, 0x33, 0x34, 0xFF, 0xF9, 0x8D, 0x0B, 0xFF, 0xFD, 0x9A, 
        0x00, 0xFF, 0xFC, 0x96, 0x02, 0xFF, 0xF4, 0x95, 0x09, 0x87, 0xC2, 0x17, 0x3D, 0x20, 0xDD, 0x1D, 
        0x3A, 0xDF, 0xE3, 0x1E, 0x39, 0xFF, 0xE3, 0x21, 0x38, 0xFF, 0xE4, 0x23, 0x37, 0xFF, 0xE6, 0x25, 
        0x36, 0xFF, 0xE6, 0x26, 0x33, 0xFF, 0xE6, 0x28, 0x31, 0xFF, 0xE7, 0x29, 0x2F, 0xFF, 0xE9, 0x2B, 
        0x2E, 0xFF, 0xE8, 0x2D, 0x2C, 0xFF, 0xE8, 0x30, 0x29, 0xFF, 0xE9, 0x32, 0x27, 0xFF, 0xEA, 0x33, 
        0x25, 0xFF, 0xE9, 0x36, 0x22, 0xFF, 0xE8, 0x38, 0x21, 0xFA, 0xDF, 0x39, 0x21, 0x7A, 0x9B, 0x3D, 
        0x22, 0x02, 0xCA, 0x3D, 0x21, 0x00, 0xB6, 0x3F, 0x23, 0x00, 0x00, 0x00, 0x00, 0x00, 0x00, 0x00, 
        0x00, 0x00, 0x00, 0x00, 0x00, 0x00, 0x00, 0x00, 0x00, 0x00, 0x00, 0x00, 0x00, 0x00, 0x00, 0x00, 
        0x00, 0x00, 0x00, 0x00, 0x00, 0x00, 0x00, 0x00, 0x00, 0x00, 0x00, 0x00, 0x00, 0x00, 0x00, 0x00, 
        0x00, 0x00, 0x00, 0x00, 0x00, 0x00, 0xB0, 0x07, 0x53, 0x00, 0xB4, 0x09, 0x52, 0x00, 0x9D, 0x10, 
        0x45, 0x06, 0xCA, 0x04, 0x5C, 0x7C, 0xD6, 0x01, 0x60, 0xF5, 0xDB, 0x00, 0x61, 0xFF, 0xDC, 0x00, 
        0x62, 0xFF, 0xDB, 0x00, 0x61, 0xFF, 0xDB, 0x00, 0x61, 0xFF, 0xDB, 0x00, 0x61, 0xFF, 0xDB, 0x00, 
        0x61, 0xFF, 0xDB, 0x00, 0x61, 0xFF, 0xDB, 0x00, 0x61, 0xFF, 0xDB, 0x01, 0x60, 0xFF, 0xDB, 0x00, 
        0x60, 0xFF, 0xDA, 0x00, 0x5F, 0xFF, 0xDB, 0x00, 0x5E, 0xFF, 0xDD, 0x00, 0x5C, 0xFF, 0xDC, 0x00, 
        0x5A, 0xFF, 0xDC, 0x02, 0x59, 0xFF, 0xDD, 0x03, 0x58, 0xFF, 0xDD, 0x04, 0x55, 0xFF, 0xDD, 0x06, 
        0x53, 0xFF, 0xDE, 0x08, 0x51, 0xFF, 0xDF, 0x0A, 0x4E, 0xFF, 0xDF, 0x0C, 0x4C, 0xFF, 0xE0, 0x0D, 
        0x4A, 0xFF, 0xE0, 0x10, 0x48, 0xFF, 0xDE, 0x11, 0x44, 0xFF, 0xE9, 0x4B, 0x28, 0xFF, 0xFB, 0x98, 
        0x05, 0xFF, 0xFC, 0x9A, 0x01, 0xFF, 0xF9, 0x97, 0x05, 0xC7, 0xD8, 0x78, 0x1B, 0x14, 0xD8, 0x1A, 
        0x3A, 0xA8, 0xE1, 0x1C, 0x3A, 0xFF, 0xE3, 0x1E, 0x3A, 0xFF, 0xE3, 0x21, 0x39, 0xFF, 0xE5, 0x23, 
        0x37, 0xFF, 0xE6, 0x24, 0x35, 0xFF, 0xE7, 0x26, 0x33, 0xFF, 0xE7, 0x27, 0x31, 0xFF, 0xE8, 0x29, 
        0x30, 0xFF, 0xE8, 0x2B, 0x2E, 0xFF, 0xE8, 0x2D, 0x2B, 0xFF, 0xE9, 0x2F, 0x29, 0xFF, 0xEA, 0x31, 
        0x27, 0xFF, 0xE6, 0x31, 0x24, 0xF8, 0xDC, 0x34, 0x23, 0x84, 0xBC, 0x39, 0x29, 0x09, 0xD0, 0x39, 
        0x24, 0x00, 0xD3, 0x3D, 0x20, 0x00, 0x00, 0x00, 0x00, 0x00, 0x00, 0x00, 0x00, 0x00, 0x00, 0x00, 
        0x00, 0x00, 0x00, 0x00, 0x00, 0x00, 0x00, 0x00, 0x00, 0x00, 0x00, 0x00, 0x00, 0x00, 0x00, 0x00, 
        0x00, 0x00, 0x00, 0x00, 0x00, 0x00, 0x00, 0x00, 0x00, 0x00, 0x00, 0x00, 0x00, 0x00, 0x00, 0x00, 
        0x00, 0x00, 0x00, 0x00, 0x00, 0x00, 0x00, 0x00, 0x00, 0x00, 0xB6, 0x0A, 0x52, 0x00, 0xB7, 0x09, 
        0x52, 0x00, 0x8F, 0x0F, 0x43, 0x04, 0xC8, 0x05, 0x59, 0x5A, 0xD3, 0x02, 0x5E, 0xD3, 0xD9, 0x01, 
        0x61, 0xFF, 0xDB, 0x00, 0x61, 0xFF, 0xDB, 0x00, 0x61, 0xFF, 0xDB, 0x00, 0x61, 0xFF, 0xDB, 0x00, 
        0x61, 0xFF, 0xDB, 0x00, 0x61, 0xFF, 0xDB, 0x00, 0x61, 0xFF, 0xDB, 0x00, 0x61, 0xFF, 0xDC, 0x00, 
        0x61, 0xFF, 0xDB, 0x00, 0x60, 0xFF, 0xDC, 0x00, 0x5F, 0xFF, 0xDC, 0x00, 0x5E, 0xFF, 0xDC, 0x00, 
        0x5C, 0xFF, 0xDC, 0x01, 0x5B, 0xFF, 0xDD, 0x02, 0x59, 0xFF, 0xDD, 0x04, 0x57, 0xFF, 0xDE, 0x05, 
        0x55, 0xFF, 0xDE, 0x06, 0x53, 0xFF, 0xDF, 0x08, 0x51, 0xFF, 0xDF, 0x0A, 0x4F, 0xFF, 0xE0, 0x0C, 
        0x4C, 0xFF, 0xE0, 0x0E, 0x4A, 0xFF, 0xDF, 0x10, 0x46, 0xFF, 0xE0, 0x18, 0x41, 0xFF, 0xF0, 0x69, 
        0x1D, 0xFF, 0xFC, 0x9E, 0x02, 0xFF, 0xFB, 0x9B, 0x03, 0xF0, 0xF2, 0xA0, 0x09, 0x36, 0xD2, 0x16, 
        0x3B, 0x63, 0xE1, 0x1A, 0x3C, 0xFF, 0xE3, 0x1C, 0x3C, 0xFF, 0xE4, 0x1E, 0x3A, 0xFF, 0xE4, 0x21, 
        0x38, 0xFF, 0xE5, 0x22, 0x37, 0xFF, 0xE6, 0x23, 0x35, 0xFF, 0xE6, 0x24, 0x33, 0xFF, 0xE7, 0x26, 
        0x31, 0xFF, 0xE7, 0x28, 0x30, 0xFF, 0xE7, 0x29, 0x2D, 0xFF, 0xE6, 0x2A, 0x2B, 0xFF, 0xE1, 0x2D, 
        0x2A, 0xDC, 0xD8, 0x2F, 0x26, 0x66, 0xBA, 0x2D, 0x27, 0x06, 0xD0, 0x34, 0x26, 0x00, 0xD1, 0x38, 
        0x27, 0x00, 0x80, 0x00, 0x00, 0x00, 0x00, 0x00, 0x00, 0x00, 0x00, 0x00, 0x00, 0x00, 0x00, 0x00, 
        0x00, 0x00, 0x00, 0x00, 0x00, 0x00, 0x00, 0x00, 0x00, 0x00, 0x00, 0x00, 0x00, 0x00, 0x00, 0x00, 
        0x00, 0x00, 0x00, 0x00, 0x00, 0x00, 0x00, 0x00, 0x00, 0x00, 0x00, 0x00, 0x00, 0x00, 0x00, 0x00, 
        0x00, 0x00, 0x00, 0x00, 0x00, 0x00, 0x00, 0x00, 0x00, 0x00, 0x00, 0x00, 0x00, 0x00, 0xB7, 0x09, 
        0x52, 0x00, 0xB1, 0x09, 0x50, 0x00, 0xE8, 0x00, 0x67, 0x00, 0xBF, 0x06, 0x55, 0x1E, 0xC8, 0x04, 
        0x59, 0x72, 0xD0, 0x03, 0x5D, 0xBF, 0xD5, 0x01, 0x5F, 0xE6, 0xD6, 0x01, 0x5F, 0xF3, 0xD7, 0x01, 
        0x60, 0xF7, 0xD8, 0x01, 0x60, 0xF7, 0xD7, 0x01, 0x61, 0xF7, 0xD8, 0x01, 0x61, 0xF7, 0xD8, 0x01, 
        0x60, 0xF7, 0xD8, 0x01, 0x5F, 0xF7, 0xD9, 0x01, 0x5F, 0xF7, 0xD8, 0x01, 0x5D, 0xF7, 0xD8, 0x01, 
        0x5C, 0xF7, 0xD8, 0x02, 0x5B, 0xF7, 0xD9, 0x03, 0x59, 0xF7, 0xD8, 0x04, 0x57, 0xF7, 0xD9, 0x05, 
        0x55, 0xF7, 0xDB, 0x06, 0x53, 0xF7, 0xDB, 0x07, 0x51, 0xF7, 0xDB, 0x09, 0x50, 0xF6, 0xDB, 0x0B, 
        0x4D, 0xF6, 0xDC, 0x0D, 0x4A, 0xF7, 0xDC, 0x0F, 0x47, 0xF7, 0xDC, 0x10, 0x45, 0xF7, 0xDD, 0x27, 
        0x3A, 0xF6, 0xF4, 0x86, 0x11, 0xF9, 0xFB, 0x9F, 0x02, 0xFF, 0xF4, 0x9E, 0x09, 0x77, 0xC4, 0x11, 
        0x3E, 0x28, 0xDB, 0x1B, 0x3C, 0xE0, 0xE0, 0x1B, 0x3D, 0xF7, 0xE0, 0x1C, 0x3C, 0xF6, 0xE1, 0x1E, 
        0x39, 0xF6, 0xE1, 0x20, 0x37, 0xF6, 0xE1, 0x21, 0x36, 0xF6, 0xE2, 0x22, 0x34, 0xF5, 0xE2, 0x24, 
        0x31, 0xF3, 0xE1, 0x26, 0x2F, 0xE9, 0xE0, 0x27, 0x2F, 0xC7, 0xDA, 0x28, 0x2D, 0x80, 0xD0, 0x29, 
        0x2B, 0x27, 0xFF, 0x32, 0x1C, 0x00, 0xC9, 0x2F, 0x27, 0x00, 0xCF, 0x31, 0x27, 0x00, 0x55, 0x15, 
        0x00, 0x00, 0x00, 0x00, 0x00, 0x00, 0x00, 0x00, 0x00, 0x00, 0x00, 0x00, 0x00, 0x00, 0x00, 0x00, 
        0x00, 0x00, 0x00, 0x00, 0x00, 0x00, 0x00, 0x00, 0x00, 0x00, 0x00, 0x00, 0x00, 0x00, 0x00, 0x00, 
        0x00, 0x00, 0x00, 0x00, 0x00, 0x00, 0x00, 0x00, 0x00, 0x00, 0x00, 0x00, 0x00, 0x00, 0x00, 0x00, 
        0x00, 0x00, 0x00, 0x00, 0x00, 0x00, 0x00, 0x00, 0x00, 0x00, 0x00, 0x00, 0x00, 0x00, 0x00, 0x00, 
        0x00, 0x00, 0xA5, 0x09, 0x4C, 0x00, 0x46, 0x17, 0x25, 0x00, 0xC2, 0x06, 0x56, 0x00, 0xF0, 0x00, 
        0x6C, 0x00, 0xAD, 0x0A, 0x4C, 0x0C, 0xC1, 0x06, 0x56, 0x27, 0xC1, 0x05, 0x58, 0x3A, 0xC1, 0x05, 
        0x59, 0x43, 0xCA, 0x04, 0x5B, 0x45, 0xCC, 0x04, 0x5C, 0x45, 0xCC, 0x04, 0x5C, 0x45, 0xC8, 0x05, 
        0x59, 0x44, 0xC5, 0x06, 0x57, 0x44, 0xC5, 0x06, 0x57, 0x44, 0xC2, 0x06, 0x56, 0x44, 0xC2, 0x06, 
        0x55, 0x44, 0xC2, 0x06, 0x53, 0x44, 0xC3, 0x07, 0x52, 0x44, 0xC4, 0x07, 0x50, 0x44, 0xC5, 0x08, 
        0x4F, 0x44, 0xC7, 0x09, 0x4D, 0x43, 0xC7, 0x0A, 0x4C, 0x43, 0xC7, 0x0C, 0x49, 0x43, 0xC7, 0x0D, 
        0x47, 0x43, 0xC7, 0x0F, 0x44, 0x44, 0xC7, 0x11, 0x40, 0x44, 0xC7, 0x12, 0x40, 0x44, 0xC6, 0x10, 
        0x41, 0x41, 0xE4, 0x77, 0x1A, 0x5F, 0xFA, 0xA1, 0x05, 0xEB, 0xF7, 0x9F, 0x07, 0xBF, 0xCF, 0x71, 
        0x22, 0x10, 0xC4, 0x1B, 0x3A, 0x36, 0xCD, 0x1C, 0x3B, 0x43, 0xCE, 0x1D, 0x3A, 0x43, 0xCE, 0x1E, 
        0x39, 0x43, 0xCD, 0x1F, 0x36, 0x42, 0xCD, 0x20, 0x35, 0x42, 0xCE, 0x23, 0x35, 0x40, 0xD0, 0x24, 
        0x33, 0x3B, 0xD1, 0x24, 0x31, 0x2A, 0xC2, 0x25, 0x31, 0x0F, 0xFF, 0x2E, 0x2B, 0x00, 0xD5, 0x29, 
        0x2B, 0x00, 0x9E, 0x2D, 0x2B, 0x00, 0xBB, 0x2C, 0x2A, 0x00, 0x00, 0x00, 0x00, 0x00, 0x00, 0x00, 
        0x00, 0x00, 0x00, 0x00, 0x00, 0x00, 0x00, 0x00, 0x00, 0x00, 0x00, 0x00, 0x00, 0x00, 0x00, 0x00, 
        0x00, 0x00, 0x00, 0x00, 0x00, 0x00, 0x00, 0x00, 0x00, 0x00, 0x00, 0x00, 0x00, 0x00, 0x00, 0x00, 
        0x00, 0x00, 0x00, 0x00, 0x00, 0x00, 0x00, 0x00, 0x00, 0x00, 0x00, 0x00, 0x00, 0x00, 0x00, 0x00, 
        0x00, 0x00, 0x00, 0x00, 0x00, 0x00, 0x00, 0x00, 0x00, 0x00, 0x00, 0x00, 0x00, 0x00, 0x00, 0x00, 
        0x00, 0x00, 0x00, 0x00, 0x00, 0x00, 0x6B, 0x00, 0x29, 0x00, 0x93, 0x09, 0x3E, 0x00, 0x68, 0x0E, 
        0x27, 0x00, 0xB1, 0x08, 0x4F, 0x00, 0xC2, 0x06, 0x56, 0x00, 0xC5, 0x05, 0x5A, 0x00, 0xC6, 0x04, 
        0x5B, 0x00, 0xCE, 0x04, 0x5C, 0x00, 0xD0, 0x03, 0x5D, 0x00, 0xD1, 0x03, 0x5D, 0x00, 0xCD, 0x04, 
        0x5B, 0x00, 0xCA, 0x05, 0x5A, 0x00, 0xCA, 0x05, 0x5A, 0x00, 0xC9, 0x05, 0x59, 0x00, 0xC9, 0x05, 
        0x57, 0x00, 0xC8, 0x06, 0x56, 0x00, 0xC9, 0x06, 0x54, 0x00, 0xCA, 0x07, 0x52, 0x00, 0xCB, 0x08, 
        0x51, 0x00, 0xCD, 0x09, 0x4F, 0x00, 0xCD, 0x0A, 0x4E, 0x00, 0xCC, 0x0C, 0x4B, 0x00, 0xCC, 0x0D, 
        0x49, 0x00, 0xCD, 0x0F, 0x46, 0x00, 0xCC, 0x11, 0x42, 0x00, 0xCC, 0x13, 0x42, 0x00, 0xCD, 0x1F, 
        0x3E, 0x00, 0xFF, 0x5B, 0x0A, 0x00, 0xF4, 0xA1, 0x0B, 0x72, 0xF9, 0xA3, 0x07, 0xE8, 0xEE, 0x9F, 
        0x11, 0x33, 0xDC, 0x5C, 0x26, 0x00, 0xD3, 0x1C, 0x3C, 0x00, 0xD3, 0x1D, 0x3C, 0x00, 0xD3, 0x1F, 
        0x3A, 0x00, 0xD2, 0x20, 0x37, 0x00, 0xD2, 0x21, 0x36, 0x00, 0xD4, 0x23, 0x35, 0x00, 0xD4, 0x24, 
        0x33, 0x00, 0xD2, 0x24, 0x31, 0x00, 0xC5, 0x25, 0x30, 0x00, 0x9B, 0x22, 0x24, 0x00, 0xAF, 0x24, 
        0x2A, 0x00, 0x7B, 0x10, 0x15, 0x00, 0x00, 0x00, 0x00, 0x00, 0x00, 0x00, 0x00, 0x00, 0x00, 0x00, 
        0x00, 0x00, 0x00, 0x00, 0x00, 0x00, 0x00, 0x00, 0x00, 0x00, 0x00, 0x00, 0x00, 0x00, 0x00, 0x00, 
        0x00, 0x00, 0x00, 0x00, 0x00, 0x00, 0x00, 0x00, 0x00, 0x00, 0x00, 0x00, 0x00, 0x00, 0x00, 0x00, 
        0x00, 0x00, 0x00, 0x00, 0x00, 0x00, 0x00, 0x00, 0x00, 0x00, 0x00, 0x00, 0x00, 0x00, 0x00, 0x00, 
        0x00, 0x00, 0x00, 0x00, 0x00, 0x00, 0x00, 0x00, 0x00, 0x00, 0x00, 0x00, 0x00, 0x00, 0x00, 0x00, 
        0x00, 0x00, 0x00, 0x00, 0x00, 0x00, 0x00, 0x00, 0x00, 0x00, 0x00, 0x00, 0x00, 0x00, 0x00, 0x00, 
        0x00, 0x00, 0x00, 0x00, 0x00, 0x00, 0x00, 0x00, 0x00, 0x00, 0x00, 0x00, 0x00, 0x00, 0x00, 0x00, 
        0x00, 0x00, 0x00, 0x00, 0x00, 0x00, 0x00, 0x00, 0x00, 0x00, 0x00, 0x00, 0x00, 0x00, 0x00, 0x00, 
        0x00, 0x00, 0x00, 0x00, 0x00, 0x00, 0x00, 0x00, 0x00, 0x00, 0x00, 0x00, 0x00, 0x00, 0x00, 0x00, 
        0x00, 0x00, 0x00, 0x00, 0x00, 0x00, 0x00, 0x00, 0x00, 0x00, 0x00, 0x00, 0x00, 0x00, 0x00, 0x00, 
        0x00, 0x00, 0x00, 0x00, 0x00, 0x00, 0x00, 0x00, 0x00, 0x00, 0x00, 0x00, 0x00, 0x00, 0x00, 0x00, 
        0x00, 0x00, 0x00, 0x00, 0x00, 0x00, 0x00, 0x00, 0x00, 0x00, 0x00, 0x00, 0x00, 0x00, 0xDE, 0x99, 
        0x18, 0x00, 0xE8, 0x9E, 0x11, 0x00, 0xE1, 0x9C, 0x14, 0x0C, 0xF6, 0xA1, 0x0A, 0xAB, 0xF4, 0xA0, 
        0x0D, 0x75, 0xFF, 0xA6, 0x00, 0x00, 0xFF, 0xFC, 0x00, 0x00, 0x00, 0x00, 0x00, 0x00, 0x00, 0x00, 
        0x00, 0x00, 0x00, 0x00, 0x00, 0x00, 0x00, 0x00, 0x00, 0x00, 0x00, 0x00, 0x00, 0x00, 0x00, 0x00, 
        0x00, 0x00, 0x00, 0x00, 0x00, 0x00, 0x00, 0x00, 0x00, 0x00, 0x00, 0x00, 0x00, 0x00, 0x00, 0x00, 
        0x00, 0x00, 0x00, 0x00, 0x00, 0x00, 0x00, 0x00, 0x00, 0x00, 0x00, 0x00, 0x00, 0x00, 0x00, 0x00, 
        0x00, 0x00, 0x00, 0x00, 0x00, 0x00, 0x00, 0x00, 0x00, 0x00, 0x00, 0x00, 0x00, 0x00, 0x00, 0x00, 
        0x00, 0x00, 0x00, 0x00, 0x00, 0x00, 0x00, 0x00, 0x00, 0x00, 0x00, 0x00, 0x00, 0x00, 0x00, 0x00, 
        0x00, 0x00, 0x00, 0x00, 0x00, 0x00, 0x00, 0x00, 0x00, 0x00, 0x00, 0x00, 0x00, 0x00, 0x00, 0x00, 
        0x00, 0x00, 0x00, 0x00, 0x00, 0x00, 0x00, 0x00, 0x00, 0x00, 0x00, 0x00, 0x00, 0x00, 0x00, 0x00, 
        0x00, 0x00, 0x00, 0x00, 0x00, 0x00, 0x00, 0x00, 0x00, 0x00, 0x00, 0x00, 0x00, 0x00, 0x00, 0x00, 
        0x00, 0x00, 0x00, 0x00, 0x00, 0x00, 0x00, 0x00, 0x00, 0x00, 0x00, 0x00, 0x00, 0x00, 0x00, 0x00, 
        0x00, 0x00, 0x00, 0x00, 0x00, 0x00, 0x00, 0x00, 0x00, 0x00, 0x00, 0x00, 0x00, 0x00, 0x00, 0x00, 
        0x00, 0x00, 0x00, 0x00, 0x00, 0x00, 0x00, 0x00, 0x00, 0x00, 0x00, 0x00, 0x00, 0x00, 0x00, 0x00, 
        0x00, 0x00, 0x00, 0x00, 0x00, 0x00, 0x00, 0x00, 0x00, 0x00, 0x00, 0x00, 0x00, 0x00, 0x00, 0x00, 
        0x00, 0x00, 0x00, 0x00, 0x00, 0x00, 0x00, 0x00, 0x00, 0x00, 0x00, 0x00, 0x00, 0x00, 0x00, 0x00, 
        0x00, 0x00, 0x00, 0x00, 0x00, 0x00, 0x00, 0x00, 0x00, 0x00, 0x00, 0x00, 0x00, 0x00, 0x40, 0x40, 
        0x00, 0x00, 0xF4, 0xA4, 0x0C, 0x00, 0xF1, 0xA0, 0x0D, 0x00, 0xED, 0x9C, 0x11, 0x2E, 0xEF, 0x9F, 
        0x10, 0x90, 0xE4, 0x9A, 0x18, 0x0B, 0xE2, 0x99, 0x1A, 0x00, 0x00, 0x00, 0x00, 0x00, 0x00, 0x00, 
        0x00, 0x00, 0x00, 0x00, 0x00, 0x00, 0x00, 0x00, 0x00, 0x00, 0x00, 0x00, 0x00, 0x00, 0x00, 0x00, 
        0x00, 0x00, 0x00, 0x00, 0x00, 0x00, 0x00, 0x00, 0x00, 0x00, 0x00, 0x00, 0x00, 0x00, 0x00, 0x00, 
        0x00, 0x00, 0x00, 0x00, 0x00, 0x00, 0x00, 0x00, 0x00, 0x00, 0x00, 0x00, 0x00, 0x00, 0x00, 0x00, 
        0x00, 0x00, 0x00, 0x00, 0x00, 0x00, 0x00, 0x00, 0x00, 0x00, 0x00, 0x00, 0x00, 0x00, 0x00, 0x00, 
        0x00, 0x00, 0x00, 0x00, 0x00, 0x00, 0x00, 0x00, 0x00, 0x00, 0x00, 0x00, 0x00, 0x00, 0x00, 0x00, 
        0x00, 0x00, 0x00, 0x00, 0x00, 0x00, 0x00, 0x00, 0x00, 0x00, 0x00, 0x00, 0x00, 0x00, 0x00, 0x00, 
        0x00, 0x00, 0x00, 0x00, 0x00, 0x00, 0x00, 0x00, 0x00, 0x00, 0x00, 0x00, 0x00, 0x00, 0x00, 0x00, 
        0x00, 0x00, 0x00, 0x00, 0x00, 0x00, 0x00, 0x00, 0x00, 0x00, 0x00, 0x00, 0x00, 0x00, 0x00, 0x00, 
        0x00, 0x00, 0x00, 0x00, 0x00, 0x00, 0x00, 0x00, 0x00, 0x00, 0x00, 0x00, 0x00, 0x00, 0x00, 0x00, 
        0x00, 0x00, 0x00, 0x00, 0x00, 0x00, 0x00, 0x00, 0x00, 0x00, 0x00, 0x00, 0x00, 0x00, 0x00, 0x00, 
        0x00, 0x00, 0x00, 0x00, 0x00, 0x00, 0x00, 0x00, 0x00, 0x00, 0x00, 0x00, 0x00, 0x00, 0x00, 0x00, 
        0x00, 0x00, 0x00, 0x00, 0x00, 0x00, 0x00, 0x00, 0x00, 0x00, 0x00, 0x00, 0x00, 0x00, 0x00, 0x00, 
        0x00, 0x00, 0x00, 0x00, 0x00, 0x00, 0x00, 0x00, 0x00, 0x00, 0x00, 0x00, 0x00, 0x00, 0x00, 0x00, 
        0x00, 0x00, 0x00, 0x00, 0x00, 0x00, 0x00, 0x00, 0x00, 0x00, 0x00, 0x00, 0x00, 0x00, 0x00, 0x00, 
        0x00, 0x00, 0xA8, 0x71, 0x1C, 0x00, 0x94, 0x77, 0x4D, 0x00, 0xF6, 0x9F, 0x12, 0x00, 0xDE, 0x97, 
        0x19, 0x42, 0xD6, 0x95, 0x24, 0x22, 0xD8, 0x95, 0x23, 0x00, 0x00, 0x00, 0x00, 0x00, 0x00, 0x00, 
        0x00, 0x00, 0x00, 0x00, 0x00, 0x00, 0x00, 0x00, 0x00, 0x00, 0x00, 0x00, 0x00, 0x00, 0x00, 0x00, 
        0x00, 0x00, 0x00, 0x00, 0x00, 0x00, 0x00, 0x00, 0x00, 0x00, 0x00, 0x00, 0x00, 0x00, 0x00, 0x00, 
        0x00, 0x00, 0x00, 0x00, 0x00, 0x00, 0x00, 0x00, 0x00, 0x00, 0x00, 0x00, 0x00, 0x00, 0x00, 0x00, 
        0x00, 0x00, 0x00, 0x00, 0x00, 0x00, 0x00, 0x00, 0x00, 0x00, 0x00, 0x00, 0x00, 0x00, 0x00, 0x00, 
        0x00, 0x00, 0x00, 0x00, 0x00, 0x00, 0x00, 0x00, 0x00, 0x00, 0x00, 0x00, 0x00, 0x00, 0x00, 0x00, 
        0x00, 0x00, 0x00, 0x00, 0x00, 0x00, 0x00, 0x00, 0x00, 0x00, 0x00, 0x00, 0x00, 0x00, 0x00, 0x00, 
        0x00, 0x00, 0x00, 0x00, 0x00, 0x00, 0x00, 0x00, 0x00, 0x00, 0x00, 0x00, 0x00, 0x00, 0x00, 0x00, 
        0x00, 0x00, 0x00, 0x00, 0x00, 0x00, 0x00, 0x00, 0x00, 0x00, 0x00, 0x00, 0x00, 0x00, 0x00, 0x00, 
        0x00, 0x00, 0x00, 0x00, 0x00, 0x00, 0x00, 0x00, 0x00, 0x00, 0x00, 0x00, 0x00, 0x00, 0x00, 0x00, 
        0x00, 0x00, 0x00, 0x00, 0x00, 0x00, 0x00, 0x00, 0x00, 0x00, 0x00, 0x00, 0x00, 0x00, 0x00, 0x00, 
        0x00, 0x00, 0x00, 0x00, 0x00, 0x00, 0x00, 0x00, 0x00, 0x00, 0x00, 0x00, 0x00, 0x00, 0x00, 0x00, 
        0x00, 0x00, 0x00, 0x00, 0x00, 0x00, 0x00, 0x00, 0x00, 0x00, 0x00, 0x00, 0x00, 0x00, 0x00, 0x00, 
        0x00, 0x00, 0x00, 0x00, 0x00, 0x00, 0x00, 0x00, 0x00, 0x00, 0x00, 0x00, 0x00, 0x00, 0x00, 0x00, 
        0x00, 0x00, 0x00, 0x00, 0x00, 0x00, 0x00, 0x00, 0x00, 0x00, 0x00, 0x00, 0x00, 0x00, 0x00, 0x00, 
        0x00, 0x00, 0x00, 0x00, 0x00, 0x00, 0xD2, 0x91, 0x21, 0x00, 0xCC, 0x93, 0x33, 0x00, 0xB7, 0x8C, 
        0x4B, 0x04, 0xC2, 0x93, 0x47, 0x0A, 0xC7, 0x93, 0x3F, 0x00, 0x00, 0x00, 0x00, 0x00, 0x00, 0x00, 
        0x00, 0x00, 0x00, 0x00, 0x00, 0x00, 0x00, 0x00, 0x00, 0x00, 0x00, 0x00, 0x00, 0x00, 0x00, 0x00, 
        0x00, 0x00, 0x00, 0x00, 0x00, 0x00, 0x00, 0x00, 0x00, 0x00, 0x00, 0x00, 0x00, 0x00, 0x00, 0x00, 
        0x00, 0x00, 0x00, 0x00, 0x00, 0x00, 0x00, 0x00, 0x00, 0x00, 0x00, 0x00, 0x00, 0x00, 0x00, 0x00, 
        0x00, 0x00, 0x00, 0x00, 0x00, 0x00, 0x00, 0x00, 0x00, 0x00, 0x00, 0x00, 0x00, 0x00, 0x00, 0x00, 
        0x00, 0x00, 0x00, 0x00, 0x00, 0x00, 0x00, 0x00, 0x00, 0x00, 0x00, 0x00, 0x00, 0x00, 0x00, 0x00, 
        0x00, 0x00, 0x00, 0x00, 0x00, 0x00, 0x00, 0x00, 0x00, 0x00, 0x00, 0x00, 0x00, 0x00, 0x00, 0x00, 
        0x00, 0x00, 0x00, 0x00, 0x00, 0x00, 0x00, 0x00, 0x00, 0x00, 0x00, 0x00, 0x00, 0x00, 0x00, 0x00, 
        0x00, 0x00, 0x00, 0x00, 0x00, 0x00, 0x00, 0x00, 0x00, 0x00, 0x00, 0x00, 0x00, 0x00, 0x00, 0x00, 
        0x00, 0x00, 0x00, 0x00, 0x00, 0x00, 0x00, 0x00, 0x00, 0x00, 0x00, 0x00, 0x00, 0x00, 0x00, 0x00, 
        0x00, 0x00, 0x00, 0x00, 0x00, 0x00, 0x00, 0x00, 0x00, 0x00, 0x00, 0x00, 0x00, 0x00, 0x00, 0x00, 
        0x00, 0x00, 0x00, 0x00, 0x00, 0x00, 0x00, 0x00, 0x00, 0x00, 0x00, 0x00, 0x00, 0x00, 0x00, 0x00, 
        0x00, 0x00, 0x00, 0x00, 0x00, 0x00, 0x00, 0x00, 0x00, 0x00, 0x00, 0x00, 0x00, 0x00, 0x00, 0x00, 
        0x00, 0x00, 0x00, 0x00, 0x00, 0x00, 0x00, 0x00, 0x00, 0x00, 0x00, 0x00, 0x00, 0x00, 0x00, 0x00, 
        0x00, 0x00, 0x00, 0x00, 0x00, 0x00, 0x00, 0x00, 0x00, 0x00, 0x00, 0x00, 0x00, 0x00, 0x00, 0x00, 
        0x00, 0x00, 0x00, 0x00, 0x00, 0x00, 0x00, 0x00, 0x00, 0x00, 0xC9, 0x93, 0x38, 0x00, 0xC8, 0x92, 
        0x39, 0x00, 0xC4, 0x93, 0x42, 0x00, 0xC9, 0x94, 0x3C, 0x00, 0x00, 0x00, 0x00, 0x00, 0x00, 0x00, 
        0x00, 0x00, 0x00, 0x00, 0x00, 0x00, 0x00, 0x00, 0x00, 0x00, 0x00, 0x00, 0x00, 0x00, 0x00, 0x00, 
        0x00, 0x00, 0x00, 0x00, 0x00, 0x00, 0x00, 0x00, 0x00, 0x00, 0x00, 0x00, 0x00, 0x00, 0x00, 0x00, 
        0x00, 0x00, 0x00, 0x00, 0x00, 0x00, 0x00, 0x00, 0x00, 0x00, 0x00, 0x00, 0x00, 0x00, 0x00, 0x00, 
        0x00, 0x00, 0x00, 0x00, 0x00, 0x00, 0x00, 0x00, 0x00, 0x00, 0x00, 0x00, 0x00, 0x00, 0x00, 0x00, 
        0x00, 0x00, 0x00, 0x00, 0x00, 0x00, 0x00, 0x00, 0x00, 0x00, 0x00, 0x00, 0x00, 0x00, 0xFF, 0xFF, 
        0xFF, 0xFF, 0xFF, 0xFF, 0xFF, 0xFF, 0xFF, 0xFF, 0xE0, 0xFF, 0xFF, 0xFF, 0xFF, 0xFF, 0xFF, 0xFF, 
        0xE0, 0x7F, 0xFF, 0xFF, 0xFF, 0xFF, 0xFF, 0xFF, 0xE0, 0x7F, 0xFF, 0xFF, 0xFF, 0xFF, 0xFF, 0xE0, 
        0x00, 0x00, 0x00, 0x00, 0x07, 0xFF, 0xFF, 0x80, 0x00, 0x00, 0x00, 0x00, 0x01, 0xFF, 0xFF, 0x00, 
        0x00, 0x00, 0x00, 0x00, 0x00, 0x7F, 0xFE, 0x00, 0x00, 0x00, 0x00, 0x00, 0x00, 0x3F, 0xFC, 0x00, 
        0x00, 0x00, 0x00, 0x00, 0x00, 0x3F, 0xF8, 0x00, 0x00, 0x00, 0x00, 0x00, 0x00, 0x1F, 0xF8, 0x00, 
        0x00, 0x00, 0x00, 0x00, 0x00, 0x1F, 0xF0, 0x00, 0x00, 0x00, 0x00, 0x00, 0x00, 0x0F, 0xF0, 0x00, 
        0x00, 0x00, 0x00, 0x00, 0x00, 0x0F, 0xF0, 0x00, 0x00, 0x00, 0x00, 0x00, 0x00, 0x0F, 0xF0, 0x00, 
        0x00, 0x00, 0x00, 0x00, 0x00, 0x0F, 0xF0, 0x00, 0x7E, 0x00, 0x3F, 0xFE, 0x00, 0x0F, 0xF0, 0x00, 
        0xFE, 0x00, 0x3F, 0xFF, 0x00, 0x0F, 0xF0, 0x01, 0xFE, 0x00, 0x1F, 0xFF, 0x80, 0x0F, 0xF0, 0x01, 
        0xFE, 0x00, 0x0F, 0xFF, 0x80, 0x0F, 0xF0, 0x01, 0xFF, 0x00, 0x0F, 0xFF, 0x80, 0x0F, 0xF0, 0x01, 
        0xFF, 0x00, 0x07, 0xFF, 0x80, 0x0F, 0xF0, 0x01, 0xFF, 0x00, 0x03, 0xFF, 0x80, 0x0F, 0xF0, 0x01, 
        0xFF, 0x80, 0x03, 0xFF, 0x80, 0x0F, 0xF0, 0x01, 0xFF, 0x80, 0x01, 0xFF, 0x80, 0x0F, 0xF0, 0x01, 
        0xFF, 0x80, 0x00, 0xFF, 0x80, 0x0F, 0xF0, 0x01, 0xFF, 0xC0, 0x00, 0xFF, 0x80, 0x0F, 0xF0, 0x01, 
        0xFF, 0xC0, 0x00, 0x7F, 0x80, 0x0F, 0xF0, 0x01, 0xFF, 0xC0, 0x00, 0x3F, 0x80, 0x0F, 0xF0, 0x01, 
        0x00, 0x00, 0x00, 0x3F, 0x80, 0x0F, 0xF0, 0x01, 0x00, 0x00, 0x00, 0x1F, 0x80, 0x0F, 0xF0, 0x01, 
        0x00, 0x00, 0x00, 0x0F, 0x80, 0x0F, 0xF0, 0x01, 0x00, 0x00, 0x00, 0x0F, 0x80, 0x0F, 0xF0, 0x01, 
        0x80, 0x00, 0x00, 0x07, 0x80, 0x0F, 0xF0, 0x01, 0x80, 0x00, 0x00, 0x03, 0x80, 0x0F, 0xF0, 0x01, 
        0xC0, 0x00, 0x00, 0x03, 0x80, 0x0F, 0xF0, 0x01, 0xE0, 0x00, 0x00, 0x01, 0x80, 0x0F, 0xF0, 0x01, 
        0xF0, 0x00, 0x00, 0x01, 0x80, 0x0F, 0xF0, 0x01, 0xF0, 0x00, 0x00, 0x01, 0x80, 0x0F, 0xF0, 0x01, 
        0xF8, 0x00, 0x00, 0x01, 0x80, 0x0F, 0xF0, 0x01, 0xFC, 0x00, 0x00, 0x01, 0x80, 0x0F, 0xF0, 0x01, 
        0xFC, 0x00, 0x07, 0xFF, 0x80, 0x0F, 0xF0, 0x01, 0xFE, 0x00, 0x03, 0xFF, 0x80, 0x0F, 0xF0, 0x01, 
        0xFF, 0x00, 0x03, 0xFF, 0x80, 0x0F, 0xF0, 0x01, 0xFF, 0x00, 0x03, 0xFF, 0x80, 0x0F, 0xF0, 0x01, 
        0xFF, 0x80, 0x01, 0xFF, 0x80, 0x0F, 0xF0, 0x01, 0xFF, 0xC0, 0x01, 0xFF, 0x80, 0x0F, 0xF0, 0x00, 
        0xFF, 0xC0, 0x01, 0xFF, 0x00, 0x0F, 0xF0, 0x00, 0x7F, 0xE0, 0x01, 0xFE, 0x00, 0x0F, 0xF0, 0x00, 
        0x00, 0x00, 0x00, 0x00, 0x00, 0x0F, 0xF0, 0x00, 0x00, 0x00, 0x00, 0x00, 0x00, 0x0F, 0xF0, 0x00, 
        0x00, 0x00, 0x00, 0x00, 0x00, 0x0F, 0xF0, 0x00, 0x00, 0x00, 0x00, 0x00, 0x00, 0x0F, 0xF8, 0x00, 
        0x00, 0x00, 0x00, 0x00, 0x00, 0x1F, 0xF8, 0x00, 0x00, 0x00, 0x00, 0x00, 0x00, 0x1F, 0xFC, 0x00, 
        0x00, 0x00, 0x00, 0x00, 0x00, 0x3F, 0xFE, 0x00, 0x00, 0x00, 0x00, 0x00, 0x00, 0x3F, 0xFF, 0x00, 
        0x00, 0x00, 0x00, 0x00, 0x00, 0x7F, 0xFF, 0x80, 0x00, 0x00, 0x00, 0x00, 0x01, 0xFF, 0xFF, 0xC0, 
        0x00, 0x00, 0x00, 0x00, 0x03, 0xFF, 0xFF, 0xFF, 0xFF, 0xFF, 0xF0, 0x1F, 0xFF, 0xFF, 0xFF, 0xFF, 
        0xFF, 0xFF, 0xF0, 0x1F, 0xFF, 0xFF, 0xFF, 0xFF, 0xFF, 0xFF, 0xF8, 0x1F, 0xFF, 0xFF, 0xFF, 0xFF, 
        0xFF, 0xFF, 0xFC, 0x1F, 0xFF, 0xFF, 0xFF, 0xFF, 0xFF, 0xFF, 0xFE, 0x1F, 0xFF, 0xFF
    };

    static const size_t StormTrackIconDataSize = sizeof(StormTrackIconData);

} // namespace icon
